-- --------------------------------------------------------
-- Host:                         142.93.214.169
-- Server version:               5.7.40 - MySQL Community Server (GPL)
-- Server OS:                    Linux
-- HeidiSQL Version:             12.1.0.6537
-- --------------------------------------------------------

/*!40101 SET @OLD_CHARACTER_SET_CLIENT=@@CHARACTER_SET_CLIENT */;
/*!40101 SET NAMES utf8 */;
/*!50503 SET NAMES utf8mb4 */;
/*!40103 SET @OLD_TIME_ZONE=@@TIME_ZONE */;
/*!40103 SET TIME_ZONE='+00:00' */;
/*!40014 SET @OLD_FOREIGN_KEY_CHECKS=@@FOREIGN_KEY_CHECKS, FOREIGN_KEY_CHECKS=0 */;
/*!40101 SET @OLD_SQL_MODE=@@SQL_MODE, SQL_MODE='NO_AUTO_VALUE_ON_ZERO' */;
/*!40111 SET @OLD_SQL_NOTES=@@SQL_NOTES, SQL_NOTES=0 */;


-- Dumping database structure for microtek
DROP DATABASE IF EXISTS `microtek`;
CREATE DATABASE IF NOT EXISTS `microtek` /*!40100 DEFAULT CHARACTER SET utf8 */;
USE `microtek`;

-- Dumping structure for table microtek.application_setting
DROP TABLE IF EXISTS `application_setting`;
CREATE TABLE IF NOT EXISTS `application_setting` (
  `name` text NOT NULL,
  `value` text,
  PRIMARY KEY (`name`(3072))
) ENGINE=InnoDB DEFAULT CHARSET=latin1;

-- Dumping data for table microtek.application_setting: ~15 rows (approximately)
REPLACE INTO `application_setting` (`name`, `value`) VALUES
	('base_url', 'http://192.168.1.6:8080/MicroTek/'),
	('delivery_profit_margin', '20'),
	('exp_del_time_unit', 'Days'),
	('exp_del_within', '2'),
	('fcm_server_key', 'AAAA047ALSA:APA91bHShEclJeYtcRkJBP95Rg6FaS4X6gSGgjXbmY476TcUqaRa4uMPnjIqy5DxTAJDz_Id-FdzpYy5MQJOnt0ErSwGPaakCfMCavfe_FU1C4d5wt0QJFJaAG7wCZAdhqs9nGOuPesg'),
	('free_del_time_unit', 'Weeks'),
	('free_del_within', '3'),
	('merchant_id', '1214227'),
	('merchant_secret', '8bK6zQiUpmd8Qjiw1OSuAP4PUaWa8HqKH8mz5pCHc81o'),
	('merchant_secret_app', '4KAYK6CnIF14Ob7Nwh11y34kmtjIAgwlR4a8cZxahh0y'),
	('notice_message', NULL),
	('smtp_host', 'smtp.gmail.com'),
	('smtp_password', '112224448'),
	('smtp_port', '587'),
	('smtp_sender', 'lakshannv@gmail.com');

-- Dumping structure for table microtek.brand
DROP TABLE IF EXISTS `brand`;
CREATE TABLE IF NOT EXISTS `brand` (
  `id` int(11) NOT NULL AUTO_INCREMENT,
  `name` text,
  `main_website` text,
  `support_website` text,
  `active` tinyint(4) DEFAULT '1',
  PRIMARY KEY (`id`)
) ENGINE=InnoDB AUTO_INCREMENT=21 DEFAULT CHARSET=utf8;

-- Dumping data for table microtek.brand: ~19 rows (approximately)
REPLACE INTO `brand` (`id`, `name`, `main_website`, `support_website`, `active`) VALUES
	(1, 'EVGA', 'www.evga.com', 'www.evga.com/support', 1),
	(2, 'Samsung', 'www.samsung.com', 'www.samsung.com/us/support', 1),
	(3, 'Corsair', 'www.corsair.com/', 'www.corsair.com/helpdesk/default.aspx', 1),
	(4, 'Nvidia', 'www.nvidia.com/page/home.html', 'www.nvidia.com/page/support.html', 1),
	(5, 'AMD', 'www.amd.com/us/Pages/AMDHomePage.aspx', 'support.amd.com/us/Pages/AMDSupportHub.aspx', 1),
	(6, 'MSI', 'http://us.msi.com/', 'http://us.msi.com/index.php?func=service', 1),
	(7, 'Acer', 'http://us.acer.com', ' http://us.acer.com/ac/en/US/content/support', 1),
	(8, 'Gigabyte', 'http://www.gigabyte.com/', 'http://www.gigabyte.com/support-downloads/support-downloads.aspx', 1),
	(9, 'Intel', 'http://www.intel.com/?en_US_01', 'http://www.intel.com/p/en_US/support?iid=gg_support-en_US+home_support', 1),
	(10, 'ASUS', 'https://www.asus.com/us/', 'https://www.asus.com/us/support/', 1),
	(11, 'LG', 'http://www.lg.com/us/index.jsp', 'http://www.lg.com/us/support/index.jsp', 1),
	(12, 'HyperX', 'https://www.hyperxgaming.com/us', 'https://www.hyperxgaming.com/us/support', 1),
	(13, 'Crucial', 'http://www.crucial.com/', 'http://www.crucial.com/contact/', 1),
	(14, 'Seagate', 'http://www.seagate.com/www/en-us/', 'http://www.seagate.com/www/en-us/support/', 1),
	(15, 'Toshiba', 'https://www.toshiba.com/tai/', 'http://www.toshiba.co.jp/contact/index.htm', 1),
	(16, 'Logitech', 'http://www.logitech.com/', 'http://support.logitech.com/en_us/home', 1),
	(17, 'Razer', 'http://www.razer.com/', 'http://support.razer.com', 1),
	(18, 'CreativeX', 'http://us.creative.com/x', 'CreativeX', 1),
	(20, 'AOC', 'www.aoc.com', 'aoc.com/support', 1);

-- Dumping structure for table microtek.cart
DROP TABLE IF EXISTS `cart`;
CREATE TABLE IF NOT EXISTS `cart` (
  `id` int(11) NOT NULL AUTO_INCREMENT,
  `customer_id` int(11) NOT NULL,
  `stock_id` int(11) NOT NULL,
  `qty` int(11) DEFAULT NULL,
  PRIMARY KEY (`id`),
  KEY `fk_cart_customer1_idx` (`customer_id`),
  KEY `FK_cart_stock` (`stock_id`),
  CONSTRAINT `FK_cart_stock` FOREIGN KEY (`stock_id`) REFERENCES `stock` (`id`),
  CONSTRAINT `fk_cart_customer1` FOREIGN KEY (`customer_id`) REFERENCES `customer` (`id`) ON DELETE NO ACTION ON UPDATE NO ACTION
) ENGINE=InnoDB AUTO_INCREMENT=152 DEFAULT CHARSET=utf8;

-- Dumping data for table microtek.cart: ~8 rows (approximately)
REPLACE INTO `cart` (`id`, `customer_id`, `stock_id`, `qty`) VALUES
	(99, 9, 55, 1),
	(135, 9, 52, 1),
	(142, 4, 58, 1),
	(146, 4, 7, 1),
	(147, 4, 35, 1),
	(148, 4, 53, 1),
	(150, 4, 48, 1),
	(151, 4, 28, 1);

-- Dumping structure for table microtek.category
DROP TABLE IF EXISTS `category`;
CREATE TABLE IF NOT EXISTS `category` (
  `id` int(11) NOT NULL AUTO_INCREMENT,
  `name` text,
  `active` tinyint(4) DEFAULT '1',
  PRIMARY KEY (`id`)
) ENGINE=InnoDB AUTO_INCREMENT=16 DEFAULT CHARSET=utf8;

-- Dumping data for table microtek.category: ~14 rows (approximately)
REPLACE INTO `category` (`id`, `name`, `active`) VALUES
	(1, 'Graphics Cards', 1),
	(2, 'Processors', 1),
	(3, 'Motherboards', 1),
	(4, 'RAM', 1),
	(5, 'Solid State Drives', 1),
	(6, 'Hard Disk Drives', 1),
	(7, 'Monitors', 1),
	(8, 'Computer Cases', 1),
	(10, 'Keyboards', 1),
	(11, 'Mice', 1),
	(12, 'Power Supplies', 1),
	(13, 'Sound Cards', 1),
	(14, 'CD/DVD/Blu-Ray Burners', 1),
	(15, 'Enclosures', 1);

-- Dumping structure for table microtek.city
DROP TABLE IF EXISTS `city`;
CREATE TABLE IF NOT EXISTS `city` (
  `id` int(11) NOT NULL AUTO_INCREMENT,
  `district_id` int(11) NOT NULL,
  `name` varchar(45) DEFAULT NULL,
  `postcode` varchar(15) DEFAULT NULL,
  PRIMARY KEY (`id`),
  KEY `fk_cities_districts1_idx` (`district_id`),
  CONSTRAINT `FK_city_district` FOREIGN KEY (`district_id`) REFERENCES `district` (`id`)
) ENGINE=InnoDB AUTO_INCREMENT=1847 DEFAULT CHARSET=utf8;

-- Dumping data for table microtek.city: ~1,845 rows (approximately)
REPLACE INTO `city` (`id`, `district_id`, `name`, `postcode`) VALUES
	(1, 1, 'Akkaraipattu', '32400'),
	(2, 1, 'Ambagahawatta', '90326'),
	(3, 1, 'Ampara', '32000'),
	(4, 1, 'Bakmitiyawa', '32024'),
	(5, 1, 'Deegawapiya', '32006'),
	(6, 1, 'Devalahinda', '32038'),
	(7, 1, 'Digamadulla Weeragoda', '32008'),
	(8, 1, 'Dorakumbura', '32104'),
	(9, 1, 'Gonagolla', '32064'),
	(10, 1, 'Hulannuge', '32514'),
	(11, 1, 'Kalmunai', '32300'),
	(12, 1, 'Kannakipuram', '32405'),
	(13, 1, 'Karativu', '32250'),
	(14, 1, 'Kekirihena', '32074'),
	(15, 1, 'Koknahara', '32035'),
	(16, 1, 'Kolamanthalawa', '32102'),
	(17, 1, 'Komari', '32418'),
	(18, 1, 'Lahugala', '32512'),
	(19, 1, 'lmkkamam', '32450'),
	(20, 1, 'Mahaoya', '32070'),
	(21, 1, 'Marathamune', '32314'),
	(22, 1, 'Namaloya', '32037'),
	(23, 1, 'Navithanveli', '32308'),
	(24, 1, 'Nintavur', '32340'),
	(25, 1, 'Oluvil', '32360'),
	(26, 1, 'Padiyatalawa', '32100'),
	(27, 1, 'Pahalalanda', '32034'),
	(28, 1, 'Panama', '32508'),
	(29, 1, 'Pannalagama', '32022'),
	(30, 1, 'Paragahakele', '32031'),
	(31, 1, 'Periyaneelavanai', '32316'),
	(32, 1, 'Polwaga Janapadaya', '32032'),
	(33, 1, 'Pottuvil', '32500'),
	(34, 1, 'Sainthamaruthu', '32280'),
	(35, 1, 'Samanthurai', '32200'),
	(36, 1, 'Serankada', '32101'),
	(37, 1, 'Tempitiya', '32072'),
	(38, 1, 'Thambiluvil', '32415'),
	(39, 1, 'Tirukovil', '32420'),
	(40, 1, 'Uhana', '32060'),
	(41, 1, 'Wadinagala', '32039'),
	(42, 1, 'Wanagamuwa', '32454'),
	(43, 2, 'Angamuwa', '50248'),
	(44, 2, 'Anuradhapura', '50000'),
	(45, 2, 'Awukana', '50169'),
	(46, 2, 'Bogahawewa', '50566'),
	(47, 2, 'Dematawewa', '50356'),
	(48, 2, 'Dimbulagala', '51031'),
	(49, 2, 'Dutuwewa', '50393'),
	(50, 2, 'Elayapattuwa', '50014'),
	(51, 2, 'Ellewewa', '51034'),
	(52, 2, 'Eppawala', '50260'),
	(53, 2, 'Etawatunuwewa', '50584'),
	(54, 2, 'Etaweeragollewa', '50518'),
	(55, 2, 'Galapitagala', '32066'),
	(56, 2, 'Galenbindunuwewa', '50390'),
	(57, 2, 'Galkadawala', '50006'),
	(58, 2, 'Galkiriyagama', '50120'),
	(59, 2, 'Galkulama', '50064'),
	(60, 2, 'Galnewa', '50170'),
	(61, 2, 'Gambirigaswewa', '50057'),
	(62, 2, 'Ganewalpola', '50142'),
	(63, 2, 'Gemunupura', '50224'),
	(64, 2, 'Getalawa', '50392'),
	(65, 2, 'Gnanikulama', '50036'),
	(66, 2, 'Gonahaddenawa', '50554'),
	(67, 2, 'Habarana', '50150'),
	(68, 2, 'Halmillawa Dambulla', '50124'),
	(69, 2, 'Halmillawetiya', '50552'),
	(70, 2, 'Hidogama', '50044'),
	(71, 2, 'Horawpatana', '50350'),
	(72, 2, 'Horiwila', '50222'),
	(73, 2, 'Hurigaswewa', '50176'),
	(74, 2, 'Hurulunikawewa', '50394'),
	(75, 2, 'Ihala Puliyankulama', '61316'),
	(76, 2, 'Kagama', '50282'),
	(77, 2, 'Kahatagasdigiliya', '50320'),
	(78, 2, 'Kahatagollewa', '50562'),
	(79, 2, 'Kalakarambewa', '50288'),
	(80, 2, 'Kalaoya', '50226'),
	(81, 2, 'Kalawedi Ulpotha', '50556'),
	(82, 2, 'Kallanchiya', '50454'),
	(83, 2, 'Kalpitiya', '61360'),
	(84, 2, 'Kalukele Badanagala', '51037'),
	(85, 2, 'Kapugallawa', '50370'),
	(86, 2, 'Karagahawewa', '50232'),
	(87, 2, 'Kashyapapura', '51032'),
	(88, 2, 'Kebithigollewa', '50500'),
	(89, 2, 'Kekirawa', '50100'),
	(90, 2, 'Kendewa', '50452'),
	(91, 2, 'Kiralogama', '50259'),
	(92, 2, 'Kirigalwewa', '50511'),
	(93, 2, 'Kirimundalama', '61362'),
	(94, 2, 'Kitulhitiyawa', '50132'),
	(95, 2, 'Kurundankulama', '50062'),
	(96, 2, 'Labunoruwa', '50088'),
	(97, 2, 'Ihalagama', '50304'),
	(98, 2, 'Ipologama', '50280'),
	(99, 2, 'Madatugama', '50130'),
	(100, 2, 'Maha Elagamuwa', '50126'),
	(101, 2, 'Mahabulankulama', '50196'),
	(102, 2, 'Mahailluppallama', '50270'),
	(103, 2, 'Mahakanadarawa', '50306'),
	(104, 2, 'Mahapothana', '50327'),
	(105, 2, 'Mahasenpura', '50574'),
	(106, 2, 'Mahawilachchiya', '50022'),
	(107, 2, 'Mailagaswewa', '50384'),
	(108, 2, 'Malwanagama', '50236'),
	(109, 2, 'Maneruwa', '50182'),
	(110, 2, 'Maradankadawala', '50080'),
	(111, 2, 'Maradankalla', '50308'),
	(112, 2, 'Medawachchiya', '50500'),
	(113, 2, 'Megodawewa', '50334'),
	(114, 2, 'Mihintale', '50300'),
	(115, 2, 'Morakewa', '50349'),
	(116, 2, 'Mulkiriyawa', '50324'),
	(117, 2, 'Muriyakadawala', '50344'),
	(118, 5, 'Colombo 15', '01500'),
	(119, 2, 'Nachchaduwa', '50046'),
	(120, 2, 'Namalpura', '50339'),
	(121, 2, 'Negampaha', '50180'),
	(122, 2, 'Nochchiyagama', '50200'),
	(123, 2, 'Nuwaragala', '51039'),
	(124, 2, 'Padavi Maithripura', '50572'),
	(125, 2, 'Padavi Parakramapura', '50582'),
	(126, 2, 'Padavi Sripura', '50587'),
	(127, 2, 'Padavi Sritissapura', '50588'),
	(128, 2, 'Padaviya', '50570'),
	(129, 2, 'Padikaramaduwa', '50338'),
	(130, 2, 'Pahala Halmillewa', '50206'),
	(131, 2, 'Pahala Maragahawe', '50220'),
	(132, 2, 'Pahalagama', '50244'),
	(133, 2, 'Palugaswewa', '50144'),
	(134, 2, 'Pandukabayapura', '50448'),
	(135, 2, 'Pandulagama', '50029'),
	(136, 2, 'Parakumpura', '50326'),
	(137, 2, 'Parangiyawadiya', '50354'),
	(138, 2, 'Parasangahawewa', '50055'),
	(139, 2, 'Pelatiyawa', '51033'),
	(140, 2, 'Pemaduwa', '50020'),
	(141, 2, 'Perimiyankulama', '50004'),
	(142, 2, 'Pihimbiyagolewa', '50512'),
	(143, 2, 'Pubbogama', '50122'),
	(144, 2, 'Punewa', '50506'),
	(145, 2, 'Rajanganaya', '50246'),
	(146, 2, 'Rambewa', '50450'),
	(147, 2, 'Rampathwila', '50386'),
	(148, 2, 'Rathmalgahawewa', '50514'),
	(149, 2, 'Saliyapura', '50008'),
	(150, 2, 'Seeppukulama', '50380'),
	(151, 2, 'Senapura', '50284'),
	(152, 2, 'Sivalakulama', '50068'),
	(153, 2, 'Siyambalewa', '50184'),
	(154, 2, 'Sravasthipura', '50042'),
	(155, 2, 'Talawa', '50230'),
	(156, 2, 'Tambuttegama', '50240'),
	(157, 2, 'Tammennawa', '50104'),
	(158, 2, 'Tantirimale', '50016'),
	(159, 2, 'Telhiriyawa', '50242'),
	(160, 2, 'Tirappane', '50072'),
	(161, 2, 'Tittagonewa', '50558'),
	(162, 2, 'Udunuwara Colony', '50207'),
	(163, 2, 'Upuldeniya', '50382'),
	(164, 2, 'Uttimaduwa', '50067'),
	(165, 2, 'Vellamanal', '31053'),
	(166, 2, 'Viharapalugama', '50012'),
	(167, 2, 'Wahalkada', '50564'),
	(168, 2, 'Wahamalgollewa', '50492'),
	(169, 2, 'Walagambahuwa', '50086'),
	(170, 2, 'Walahaviddawewa', '50516'),
	(171, 2, 'Welimuwapotana', '50358'),
	(172, 2, 'Welioya Project', '50586'),
	(173, 3, 'Akkarasiyaya', '90166'),
	(174, 3, 'Aluketiyawa', '90736'),
	(175, 3, 'Aluttaramma', '90722'),
	(176, 3, 'Ambadandegama', '90108'),
	(177, 3, 'Ambagasdowa', '90300'),
	(178, 3, 'Arawa', '90017'),
	(179, 3, 'Arawakumbura', '90532'),
	(180, 3, 'Arawatta', '90712'),
	(181, 3, 'Atakiriya', '90542'),
	(182, 3, 'Badulla', '90000'),
	(183, 3, 'Baduluoya', '90019'),
	(184, 3, 'Ballaketuwa', '90092'),
	(185, 3, 'Bambarapana', '90322'),
	(186, 3, 'Bandarawela', '90100'),
	(187, 3, 'Beramada', '90066'),
	(188, 3, 'Bibilegama', '90502'),
	(189, 3, 'Boragas', '90362'),
	(190, 3, 'Boralanda', '90170'),
	(191, 3, 'Bowela', '90302'),
	(192, 3, 'Central Camp', '32050'),
	(193, 3, 'Damanewela', '32126'),
	(194, 3, 'Dambana', '90714'),
	(195, 3, 'Dehiattakandiya', '32150'),
	(196, 3, 'Demodara', '90080'),
	(197, 3, 'Diganatenna', '90132'),
	(198, 3, 'Dikkapitiya', '90214'),
	(199, 3, 'Dimbulana', '90324'),
	(200, 3, 'Divulapelessa', '90726'),
	(201, 3, 'Diyatalawa', '90150'),
	(202, 3, 'Dulgolla', '90104'),
	(203, 3, 'Ekiriyankumbura', '91502'),
	(204, 3, 'Ella', '90090'),
	(205, 3, 'Ettampitiya', '90140'),
	(206, 3, 'Galauda', '90065'),
	(207, 3, 'Galporuyaya', '90752'),
	(208, 3, 'Gawarawela', '90082'),
	(209, 3, 'Girandurukotte', '90750'),
	(210, 3, 'Godunna', '90067'),
	(211, 3, 'Gurutalawa', '90208'),
	(212, 3, 'Haldummulla', '90180'),
	(213, 3, 'Hali Ela', '90060'),
	(214, 3, 'Hangunnawa', '90224'),
	(215, 3, 'Haputale', '90160'),
	(216, 3, 'Hebarawa', '90724'),
	(217, 3, 'Heeloya', '90112'),
	(218, 3, 'Helahalpe', '90122'),
	(219, 3, 'Helapupula', '90094'),
	(220, 3, 'Hopton', '90524'),
	(221, 3, 'Idalgashinna', '96167'),
	(222, 3, 'Kahataruppa', '90052'),
	(223, 3, 'Kalugahakandura', '90546'),
	(224, 3, 'Kalupahana', '90186'),
	(225, 3, 'Kebillawela', '90102'),
	(226, 3, 'Kendagolla', '90048'),
	(227, 3, 'Keselpotha', '90738'),
	(228, 3, 'Ketawatta', '90016'),
	(229, 3, 'Kiriwanagama', '90184'),
	(230, 3, 'Koslanda', '90190'),
	(231, 3, 'Kuruwitenna', '90728'),
	(232, 3, 'Kuttiyagolla', '90046'),
	(233, 3, 'Landewela', '90068'),
	(234, 3, 'Liyangahawela', '90106'),
	(235, 3, 'Lunugala', '90530'),
	(236, 3, 'Lunuwatta', '90310'),
	(237, 3, 'Madulsima', '90535'),
	(238, 3, 'Mahiyanganaya', '90700'),
	(239, 3, 'Makulella', '90114'),
	(240, 3, 'Malgoda', '90754'),
	(241, 3, 'Mapakadawewa', '90730'),
	(242, 3, 'Maspanna', '90328'),
	(243, 3, 'Maussagolla', '90582'),
	(244, 3, 'Mawanagama', '32158'),
	(245, 3, 'Medawela Udukinda', '90218'),
	(246, 3, 'Meegahakiula', '90015'),
	(247, 3, 'Metigahatenna', '90540'),
	(248, 3, 'Mirahawatta', '90134'),
	(249, 3, 'Miriyabedda', '90504'),
	(250, 3, 'Nawamedagama', '32120'),
	(251, 3, 'Nelumgama', '90042'),
	(252, 3, 'Nikapotha', '90165'),
	(253, 3, 'Nugatalawa', '90216'),
	(254, 3, 'Ohiya', '90168'),
	(255, 3, 'Pahalarathkinda', '90756'),
	(256, 3, 'Pallekiruwa', '90534'),
	(257, 3, 'Passara', '90500'),
	(258, 3, 'Pattiyagedara', '90138'),
	(259, 3, 'Pelagahatenna', '90522'),
	(260, 3, 'Perawella', '90222'),
	(261, 3, 'Pitamaruwa', '90544'),
	(262, 3, 'Pitapola', '90171'),
	(263, 3, 'Puhulpola', '90212'),
	(264, 3, 'Rajagalatenna', '32068'),
	(265, 3, 'Rathkarawwa', '90164'),
	(266, 3, 'Ridimaliyadda', '90704'),
	(267, 3, 'Silmiyapura', '90364'),
	(268, 3, 'Sirimalgoda', '90044'),
	(269, 3, 'Siripura', '32155'),
	(270, 3, 'Sorabora Colony', '90718'),
	(271, 3, 'Soragune', '90183'),
	(272, 3, 'Soranathota', '90008'),
	(273, 3, 'Taldena', '90014'),
	(274, 3, 'Timbirigaspitiya', '90012'),
	(275, 3, 'Uduhawara', '90226'),
	(276, 3, 'Uraniya', '90702'),
	(277, 3, 'Uva Karandagolla', '90091'),
	(278, 3, 'Uva Mawelagama', '90192'),
	(279, 3, 'Uva Tenna', '90188'),
	(280, 3, 'Uva Tissapura', '90734'),
	(281, 3, 'Welimada', '90200'),
	(282, 3, 'Weranketagoda', '32062'),
	(283, 3, 'Wewatta', '90716'),
	(284, 3, 'Wineethagama', '90034'),
	(285, 3, 'Yalagamuwa', '90329'),
	(286, 3, 'Yalwela', '90706'),
	(287, 4, 'Addalaichenai', '32350'),
	(288, 4, 'Ampilanthurai', '30162'),
	(289, 4, 'Araipattai', '30150'),
	(290, 4, 'Ayithiyamalai', '30362'),
	(291, 4, 'Bakiella', '30206'),
	(292, 4, 'Batticaloa', '30000'),
	(293, 4, 'Cheddipalayam', '30194'),
	(294, 4, 'Chenkaladi', '30350'),
	(295, 4, 'Eravur', '30300'),
	(296, 4, 'Kaluwanchikudi', '30200'),
	(297, 4, 'Kaluwankemy', '30372'),
	(298, 4, 'Kannankudah', '30016'),
	(299, 4, 'Karadiyanaru', '30354'),
	(300, 4, 'Kathiraveli', '30456'),
	(301, 4, 'Kattankudi', '30100'),
	(302, 4, 'Kiran', '30394'),
	(303, 4, 'Kirankulam', '30159'),
	(304, 4, 'Koddaikallar', '30249'),
	(305, 4, 'Kokkaddicholai', '30160'),
	(306, 4, 'Kurukkalmadam', '30192'),
	(307, 4, 'Mandur', '30220'),
	(308, 4, 'Miravodai', '30426'),
	(309, 4, 'Murakottanchanai', '30392'),
	(310, 4, 'Navagirinagar', '30238'),
	(311, 4, 'Navatkadu', '30018'),
	(312, 4, 'Oddamavadi', '30420'),
	(313, 4, 'Palamunai', '32354'),
	(314, 4, 'Pankudavely', '30352'),
	(315, 4, 'Periyaporativu', '30230'),
	(316, 4, 'Periyapullumalai', '30358'),
	(317, 4, 'Pillaiyaradi', '30022'),
	(318, 4, 'Punanai', '30428'),
	(319, 4, 'Thannamunai', '30024'),
	(320, 4, 'Thettativu', '30196'),
	(321, 4, 'Thikkodai', '30236'),
	(322, 4, 'Thirupalugamam', '30234'),
	(323, 4, 'Unnichchai', '30364'),
	(324, 4, 'Vakaneri', '30424'),
	(325, 4, 'Vakarai', '30450'),
	(326, 4, 'Valaichenai', '30400'),
	(327, 4, 'Vantharumoolai', '30376'),
	(328, 4, 'Vellavely', '30204'),
	(329, 5, 'Akarawita', '10732'),
	(330, 5, 'Ambalangoda', '80300'),
	(331, 5, 'Athurugiriya', '10150'),
	(332, 5, 'Avissawella', '10700'),
	(333, 5, 'Batawala', '10513'),
	(334, 5, 'Battaramulla', '10120'),
	(335, 5, 'Biyagama', '11650'),
	(336, 5, 'Bope', '10522'),
	(337, 5, 'Boralesgamuwa', '10290'),
	(338, 5, 'Colombo 8', '00800'),
	(339, 5, 'Dedigamuwa', '10656'),
	(340, 5, 'Dehiwala', '10350'),
	(341, 5, 'Deltara', '10302'),
	(342, 5, 'Habarakada', '10204'),
	(343, 5, 'Hanwella', '10650'),
	(344, 5, 'Hiripitya', '10232'),
	(345, 5, 'Hokandara', '10118'),
	(346, 5, 'Homagama', '10200'),
	(347, 5, 'Horagala', '10502'),
	(348, 5, 'Kaduwela', '10640'),
	(349, 5, 'Kaluaggala', '11224'),
	(350, 5, 'Kapugoda', '10662'),
	(351, 5, 'Kehelwatta', '12550'),
	(352, 5, 'Kiriwattuduwa', '10208'),
	(353, 5, 'Kolonnawa', '10600'),
	(354, 5, 'Kosgama', '10730'),
	(355, 5, 'Madapatha', '10306'),
	(356, 5, 'Maharagama', '10280'),
	(357, 5, 'Malabe', '10115'),
	(358, 5, 'Moratuwa', '10400'),
	(359, 5, 'Mount Lavinia', '10370'),
	(360, 5, 'Mullegama', '10202'),
	(361, 5, 'Napawela', '10704'),
	(362, 5, 'Nugegoda', '10250'),
	(363, 5, 'Padukka', '10500'),
	(364, 5, 'Pannipitiya', '10230'),
	(365, 5, 'Piliyandala', '10300'),
	(366, 5, 'Pitipana Homagama', '10206'),
	(367, 5, 'Polgasowita', '10320'),
	(368, 5, 'Pugoda', '10660'),
	(369, 5, 'Ranala', '10654'),
	(370, 5, 'Siddamulla', '10304'),
	(371, 5, 'Siyambalagoda', '81462'),
	(372, 5, 'Sri Jayawardenepura', '10100'),
	(373, 5, 'Talawatugoda', '10116'),
	(374, 5, 'Tummodara', '10682'),
	(375, 5, 'Waga', '10680'),
	(376, 5, 'Colombo 6', '00600'),
	(377, 6, 'Agaliya', '80212'),
	(378, 6, 'Ahangama', '80650'),
	(379, 6, 'Ahungalla', '80562'),
	(380, 6, 'Akmeemana', '80090'),
	(381, 6, 'Alawatugoda', '20140'),
	(382, 6, 'Aluthwala', '80332'),
	(383, 6, 'Ampegama', '80204'),
	(384, 6, 'Amugoda', '80422'),
	(385, 6, 'Anangoda', '80044'),
	(386, 6, 'Angulugaha', '80122'),
	(387, 6, 'Ankokkawala', '80048'),
	(388, 6, 'Aselapura', '51072'),
	(389, 6, 'Baddegama', '80200'),
	(390, 6, 'Balapitiya', '80550'),
	(391, 6, 'Banagala', '80143'),
	(392, 6, 'Batapola', '80320'),
	(393, 6, 'Bentota', '80500'),
	(394, 6, 'Boossa', '80270'),
	(395, 6, 'Dellawa', '81477'),
	(396, 6, 'Dikkumbura', '80654'),
	(397, 6, 'Dodanduwa', '80250'),
	(398, 6, 'Ella Tanabaddegama', '80402'),
	(399, 6, 'Elpitiya', '80400'),
	(400, 6, 'Galle', '80000'),
	(401, 6, 'Ginimellagaha', '80220'),
	(402, 6, 'Gintota', '80280'),
	(403, 6, 'Godahena', '80302'),
	(404, 6, 'Gonamulla Junction', '80054'),
	(405, 6, 'Gonapinuwala', '80230'),
	(406, 6, 'Habaraduwa', '80630'),
	(407, 6, 'Haburugala', '80506'),
	(408, 6, 'Hikkaduwa', '80240'),
	(409, 6, 'Hiniduma', '80080'),
	(410, 6, 'Hiyare', '80056'),
	(411, 6, 'Kahaduwa', '80460'),
	(412, 6, 'Kahawa', '80312'),
	(413, 6, 'Karagoda', '80151'),
	(414, 6, 'Karandeniya', '80360'),
	(415, 6, 'Kosgoda', '80570'),
	(416, 6, 'Kottawagama', '80062'),
	(417, 6, 'Kottegoda', '81180'),
	(418, 6, 'Kuleegoda', '80328'),
	(419, 6, 'Magedara', '80152'),
	(420, 6, 'Mahawela Sinhapura', '51076'),
	(421, 6, 'Mapalagama', '80112'),
	(422, 6, 'Mapalagama Central', '80116'),
	(423, 6, 'Mattaka', '80424'),
	(424, 6, 'Meda-Keembiya', '80092'),
	(425, 6, 'Meetiyagoda', '80330'),
	(426, 6, 'Nagoda', '80110'),
	(427, 6, 'Nakiyadeniya', '80064'),
	(428, 6, 'Nawandagala', '80416'),
	(429, 6, 'Neluwa', '80082'),
	(430, 6, 'Nindana', '80318'),
	(431, 6, 'Pahala Millawa', '81472'),
	(432, 6, 'Panangala', '80075'),
	(433, 6, 'Pannimulla Panagoda', '80086'),
	(434, 6, 'Parana Thanayamgoda', '80114'),
	(435, 6, 'Patana', '22012'),
	(436, 6, 'Pitigala', '80420'),
	(437, 6, 'Poddala', '80170'),
	(438, 6, 'Polgampola', '12136'),
	(439, 6, 'Porawagama', '80408'),
	(440, 6, 'Rantotuwila', '80354'),
	(441, 6, 'Talagampola', '80058'),
	(442, 6, 'Talgaspe', '80406'),
	(443, 6, 'Talpe', '80615'),
	(444, 6, 'Tawalama', '80148'),
	(445, 6, 'Tiranagama', '80244'),
	(446, 6, 'Udalamatta', '80108'),
	(447, 6, 'Udugama', '80070'),
	(448, 6, 'Uluvitike', '80168'),
	(449, 6, 'Unawatuna', '80600'),
	(450, 6, 'Unawitiya', '80214'),
	(451, 6, 'Uragaha', '80352'),
	(452, 6, 'Uragasmanhandiya', '80350'),
	(453, 6, 'Wakwella', '80042'),
	(454, 6, 'Walahanduwa', '80046'),
	(455, 6, 'Wanchawela', '80120'),
	(456, 6, 'Wanduramba', '80100'),
	(457, 6, 'Warukandeniya', '80084'),
	(458, 6, 'Watugedara', '80340'),
	(459, 6, 'Weihena', '80216'),
	(460, 6, 'Welikanda', '51070'),
	(461, 6, 'Wilanagama', '20142'),
	(462, 6, 'Yakkalamulla', '80150'),
	(463, 6, 'Yatalamatta', '80107'),
	(464, 7, 'Akaragama', '11536'),
	(465, 7, 'Ambagaspitiya', '11052'),
	(466, 7, 'Ambepussa', '11212'),
	(467, 7, 'Andiambalama', '11558'),
	(468, 7, 'Attanagalla', '11120'),
	(469, 7, 'Badalgama', '11538'),
	(470, 7, 'Banduragoda', '11244'),
	(471, 7, 'Batuwatta', '11011'),
	(472, 7, 'Bemmulla', '11040'),
	(473, 7, 'Biyagama IPZ', '11672'),
	(474, 7, 'Bokalagama', '11216'),
	(475, 7, 'Bollete (WP)', '11024'),
	(476, 7, 'Bopagama', '11134'),
	(477, 7, 'Buthpitiya', '11720'),
	(478, 7, 'Dagonna', '11524'),
	(479, 7, 'Danowita', '11896'),
	(480, 7, 'Debahera', '11889'),
	(481, 7, 'Dekatana', '11690'),
	(482, 7, 'Delgoda', '11700'),
	(483, 7, 'Delwagura', '11228'),
	(484, 7, 'Demalagama', '11692'),
	(485, 7, 'Demanhandiya', '11270'),
	(486, 7, 'Dewalapola', '11102'),
	(487, 7, 'Divulapitiya', '11250'),
	(488, 7, 'Divuldeniya', '11208'),
	(489, 7, 'Dompe', '11680'),
	(490, 7, 'Dunagaha', '11264'),
	(491, 7, 'Ekala', '11380'),
	(492, 7, 'Ellakkala', '11116'),
	(493, 7, 'Essella', '11108'),
	(494, 7, 'Galedanda', '90206'),
	(495, 7, 'Gampaha', '11000'),
	(496, 7, 'Ganemulla', '11020'),
	(497, 7, 'Giriulla', '60140'),
	(498, 7, 'Gonawala', '11630'),
	(499, 7, 'Halpe', '70145'),
	(500, 7, 'Hapugastenna', '70164'),
	(501, 7, 'Heiyanthuduwa', '11618'),
	(502, 7, 'Hinatiyana Madawala', '11568'),
	(503, 7, 'Hiswella', '11734'),
	(504, 7, 'Horampella', '11564'),
	(505, 7, 'Hunumulla', '11262'),
	(506, 7, 'Hunupola', '60582'),
	(507, 7, 'Ihala Madampella', '11265'),
	(508, 7, 'Imbulgoda', '11856'),
	(509, 7, 'Ja-Ela', '11350'),
	(510, 7, 'Kadawatha', '11850'),
	(511, 7, 'Kahatowita', '11144'),
	(512, 7, 'Kalagedihena', '11875'),
	(513, 7, 'Kaleliya', '11160'),
	(514, 7, 'Kandana', '11320'),
	(515, 7, 'Katana', '11534'),
	(516, 7, 'Katudeniya', '21016'),
	(517, 7, 'Katunayake', '11450'),
	(518, 7, 'Katunayake Air Force Camp', '11440'),
	(519, 7, 'Katunayake(FTZ)', '11420'),
	(520, 7, 'Katuwellegama', '11526'),
	(521, 7, 'Kelaniya', '11600'),
	(522, 7, 'Kimbulapitiya', '11522'),
	(523, 7, 'Kirindiwela', '11730'),
	(524, 7, 'Kitalawalana', '11206'),
	(525, 7, 'Kochchikade', '11540'),
	(526, 7, 'Kotadeniyawa', '11232'),
	(527, 7, 'Kotugoda', '11390'),
	(528, 7, 'Kumbaloluwa', '11105'),
	(529, 7, 'Loluwagoda', '11204'),
	(530, 7, 'Mabodale', '11114'),
	(531, 7, 'Madelgamuwa', '11033'),
	(532, 7, 'Makewita', '11358'),
	(533, 7, 'Makola', '11640'),
	(534, 7, 'Malwana', '11670'),
	(535, 7, 'Mandawala', '11061'),
	(536, 7, 'Marandagahamula', '11260'),
	(537, 7, 'Mellawagedara', '11234'),
	(538, 7, 'Minuwangoda', '11550'),
	(539, 7, 'Mirigama', '11200'),
	(540, 7, 'Miriswatta', '80508'),
	(541, 7, 'Mithirigala', '11742'),
	(542, 7, 'Muddaragama', '11112'),
	(543, 7, 'Mudungoda', '11056'),
	(544, 7, 'Mulleriyawa New Town', '10620'),
	(545, 7, 'Naranwala', '11063'),
	(546, 7, 'Nawana', '11222'),
	(547, 7, 'Nedungamuwa', '11066'),
	(548, 7, 'Negombo', '11500'),
	(549, 7, 'Nikadalupotha', '60580'),
	(550, 7, 'Nikahetikanda', '11128'),
	(551, 7, 'Nittambuwa', '11880'),
	(552, 7, 'Niwandama', '11354'),
	(553, 7, 'Opatha', '80142'),
	(554, 7, 'Pamunugama', '11370'),
	(555, 7, 'Pamunuwatta', '11214'),
	(556, 7, 'Panawala', '70612'),
	(557, 7, 'Pasyala', '11890'),
	(558, 7, 'Peliyagoda', '11830'),
	(559, 7, 'Pepiliyawala', '11741'),
	(560, 7, 'Pethiyagoda', '11043'),
	(561, 7, 'Polpithimukulana', '11324'),
	(562, 7, 'Puwakpitiya', '10712'),
	(563, 7, 'Radawadunna', '11892'),
	(564, 7, 'Radawana', '11725'),
	(565, 7, 'Raddolugama', '11400'),
	(566, 7, 'Ragama', '11010'),
	(567, 7, 'Ruggahawila', '11142'),
	(568, 7, 'Seeduwa', '11410'),
	(569, 7, 'Siyambalape', '11607'),
	(570, 7, 'Talahena', '11504'),
	(571, 7, 'Thambagalla', '60584'),
	(572, 7, 'Thimbirigaskatuwa', '11532'),
	(573, 7, 'Tittapattara', '10664'),
	(574, 7, 'Udathuthiripitiya', '11054'),
	(575, 7, 'Udugampola', '11030'),
	(576, 7, 'Uggalboda', '11034'),
	(577, 7, 'Urapola', '11126'),
	(578, 7, 'Uswetakeiyawa', '11328'),
	(579, 7, 'Veyangoda', '11100'),
	(580, 7, 'Walgammulla', '11146'),
	(581, 7, 'Walpita', '11226'),
	(582, 7, 'Walpola (WP)', '11012'),
	(583, 7, 'Wathurugama', '11724'),
	(584, 7, 'Watinapaha', '11104'),
	(585, 7, 'Wattala', '11104'),
	(586, 7, 'Weboda', '11858'),
	(587, 7, 'Wegowwa', '11562'),
	(588, 7, 'Weweldeniya', '11894'),
	(589, 7, 'Yakkala', '11870'),
	(590, 7, 'Yatiyana', '11566'),
	(591, 8, 'Ambalantota', '82100'),
	(592, 8, 'Angunakolapelessa', '82220'),
	(593, 8, 'Angunakolawewa', '91302'),
	(594, 8, 'Bandagiriya Colony', '82005'),
	(595, 8, 'Barawakumbuka', '82110'),
	(596, 8, 'Beliatta', '82400'),
	(597, 8, 'Beragama', '82102'),
	(598, 8, 'Beralihela', '82618'),
	(599, 8, 'Bundala', '82002'),
	(600, 8, 'Ellagala', '82619'),
	(601, 8, 'Gangulandeniya', '82586'),
	(602, 8, 'Getamanna', '82420'),
	(603, 8, 'Goda Koggalla', '82401'),
	(604, 8, 'Gonagamuwa Uduwila', '82602'),
	(605, 8, 'Gonnoruwa', '82006'),
	(606, 8, 'Hakuruwela', '82248'),
	(607, 8, 'Hambantota', '82000'),
	(608, 8, 'Handugala', '81326'),
	(609, 8, 'Hungama', '82120'),
	(610, 8, 'Ihala Beligalla', '82412'),
	(611, 8, 'Iththa Demaliya', '82462'),
	(612, 8, 'Julampitiya', '82252'),
	(613, 8, 'Kahandamodara', '82126'),
	(614, 8, 'Kariyamaditta', '82274'),
	(615, 8, 'Katuwana', '82500'),
	(616, 8, 'Kawantissapura', '82622'),
	(617, 8, 'Kirama', '82550'),
	(618, 8, 'Kirinda', '82614'),
	(619, 8, 'Lunama', '82108'),
	(620, 8, 'Lunugamwehera', '82634'),
	(621, 8, 'Magama', '82608'),
	(622, 8, 'Mahagalwewa', '82016'),
	(623, 8, 'Mamadala', '82109'),
	(624, 8, 'Medamulana', '82254'),
	(625, 8, 'Middeniya', '82270'),
	(626, 8, 'Meegahajandura', '82014'),
	(627, 8, 'Modarawana', '82416'),
	(628, 8, 'Mulkirigala', '82242'),
	(629, 8, 'Nakulugamuwa', '82300'),
	(630, 8, 'Netolpitiya', '82135'),
	(631, 8, 'Nihiluwa', '82414'),
	(632, 8, 'Padawkema', '82636'),
	(633, 8, 'Pahala Andarawewa', '82008'),
	(634, 8, 'Rammalawarapitiya', '82554'),
	(635, 8, 'Ranakeliya', '82612'),
	(636, 8, 'Ranmuduwewa', '82018'),
	(637, 8, 'Ranna', '82125'),
	(638, 8, 'Ratmalwala', '82276'),
	(639, 8, 'Ruhunu Ridiyagama', '82106'),
	(640, 8, 'Sooriyawewa Town', '82010'),
	(641, 8, 'Tangalla', '82200'),
	(642, 8, 'Tissamaharama', '82600'),
	(643, 8, 'Uda Gomadiya', '82504'),
	(644, 8, 'Udamattala', '82638'),
	(645, 8, 'Uswewa', '82278'),
	(646, 8, 'Vitharandeniya', '82232'),
	(647, 8, 'Walasmulla', '82450'),
	(648, 8, 'Weeraketiya', '82240'),
	(649, 8, 'Weerawila', '82632'),
	(650, 8, 'Weerawila NewTown', '82615'),
	(651, 8, 'Wekandawela', '82246'),
	(652, 8, 'Weligatta', '82004'),
	(653, 8, 'Yatigala', '82418'),
	(654, 9, 'Jaffna', '40000'),
	(655, 10, 'Agalawatta', '12200'),
	(656, 10, 'Alubomulla', '12524'),
	(657, 10, 'Anguruwatota', '12320'),
	(658, 10, 'Atale', '71363'),
	(659, 10, 'Baduraliya', '12230'),
	(660, 10, 'Bandaragama', '12530'),
	(661, 10, 'Batugampola', '10526'),
	(662, 10, 'Bellana', '12224'),
	(663, 10, 'Beruwala', '12070'),
	(664, 10, 'Bolossagama', '12008'),
	(665, 10, 'Bombuwala', '12024'),
	(666, 10, 'Boralugoda', '12142'),
	(667, 10, 'Bulathsinhala', '12300'),
	(668, 10, 'Danawala Thiniyawala', '12148'),
	(669, 10, 'Delmella', '12304'),
	(670, 10, 'Dharga Town', '12090'),
	(671, 10, 'Diwalakada', '12308'),
	(672, 10, 'Dodangoda', '12020'),
	(673, 10, 'Dombagoda', '12416'),
	(674, 10, 'Ethkandura', '80458'),
	(675, 10, 'Galpatha', '12005'),
	(676, 10, 'Gamagoda', '12016'),
	(677, 10, 'Gonagalpura', '80502'),
	(678, 10, 'Gonapola Junction', '12410'),
	(679, 10, 'Govinna', '12310'),
	(680, 10, 'Gurulubadda', '12236'),
	(681, 10, 'Halkandawila', '12055'),
	(682, 10, 'Haltota', '12538'),
	(683, 10, 'Halvitigala Colony', '80146'),
	(684, 10, 'Halwala', '12118'),
	(685, 10, 'Halwatura', '12306'),
	(686, 10, 'Handapangoda', '10524'),
	(687, 10, 'Hedigalla Colony', '12234'),
	(688, 10, 'Henegama', '11715'),
	(689, 10, 'Hettimulla', '71210'),
	(690, 10, 'Horana', '12400'),
	(691, 10, 'Ittapana', '12116'),
	(692, 10, 'Kahawala', '10508'),
	(693, 10, 'Kalawila Kiranthidiya', '12078'),
	(694, 10, 'Kalutara', '12000'),
	(695, 10, 'Kananwila', '12418'),
	(696, 10, 'Kandanagama', '12428'),
	(697, 10, 'Kelinkanda', '12218'),
	(698, 10, 'Kitulgoda', '12222'),
	(699, 10, 'Koholana', '12007'),
	(700, 10, 'Kuda Uduwa', '12426'),
	(701, 10, 'Labbala', '60162'),
	(702, 10, 'lhalahewessa', '80432'),
	(703, 10, 'lnduruwa', '80510'),
	(704, 10, 'lngiriya', '12440'),
	(705, 10, 'Maggona', '12060'),
	(706, 10, 'Mahagama', '12210'),
	(707, 10, 'Mahakalupahana', '12126'),
	(708, 10, 'Maharangalla', '71211'),
	(709, 10, 'Malgalla Talangalla', '80144'),
	(710, 10, 'Matugama', '12100'),
	(711, 10, 'Meegahatenna', '12130'),
	(712, 10, 'Meegama', '12094'),
	(713, 10, 'Meegoda', '10504'),
	(714, 10, 'Millaniya', '12412'),
	(715, 10, 'Millewa', '12422'),
	(716, 10, 'Miwanapalana', '12424'),
	(717, 10, 'Molkawa', '12216'),
	(718, 10, 'Morapitiya', '12232'),
	(719, 10, 'Morontuduwa', '12564'),
	(720, 10, 'Nawattuduwa', '12106'),
	(721, 10, 'Neboda', '12030'),
	(722, 10, 'Padagoda', '12074'),
	(723, 10, 'Pahalahewessa', '12144'),
	(724, 10, 'Paiyagala', '12050'),
	(725, 10, 'Panadura', '12500'),
	(726, 10, 'Pannala', '60160'),
	(727, 10, 'Paragastota', '12414'),
	(728, 10, 'Paragoda', '12302'),
	(729, 10, 'Paraigama', '12122'),
	(730, 10, 'Pelanda', '12214'),
	(731, 10, 'Pelawatta', '12138'),
	(732, 10, 'Pimbura', '70472'),
	(733, 10, 'Pitagaldeniya', '71360'),
	(734, 10, 'Pokunuwita', '12404'),
	(735, 10, 'Poruwedanda', '12432'),
	(736, 10, 'Ratmale', '81030'),
	(737, 10, 'Remunagoda', '12009'),
	(738, 10, 'Talgaswela', '80470'),
	(739, 10, 'Tebuwana', '12025'),
	(740, 10, 'Uduwara', '12322'),
	(741, 10, 'Utumgama', '12127'),
	(742, 10, 'Veyangalla', '12204'),
	(743, 10, 'Wadduwa', '12560'),
	(744, 10, 'Walagedara', '12112'),
	(745, 10, 'Walallawita', '12134'),
	(746, 10, 'Waskaduwa', '12580'),
	(747, 10, 'Welipenna', '12108'),
	(748, 10, 'Weliveriya', '11710'),
	(749, 10, 'Welmilla Junction', '12534'),
	(750, 10, 'Weragala', '71622'),
	(751, 10, 'Yagirala', '12124'),
	(752, 10, 'Yatadolawatta', '12104'),
	(753, 10, 'Yatawara Junction', '12006'),
	(754, 11, 'Aludeniya', '20062'),
	(755, 11, 'Ambagahapelessa', '20986'),
	(756, 11, 'Ambagamuwa Udabulathgama', '20678'),
	(757, 11, 'Ambatenna', '20136'),
	(758, 11, 'Ampitiya', '20160'),
	(759, 11, 'Ankumbura', '20150'),
	(760, 11, 'Atabage', '20574'),
	(761, 11, 'Balana', '20308'),
	(762, 11, 'Bambaragahaela', '20644'),
	(763, 11, 'Batagolladeniya', '20154'),
	(764, 11, 'Batugoda', '20132'),
	(765, 11, 'Batumulla', '20966'),
	(766, 11, 'Bawlana', '20218'),
	(767, 11, 'Bopana', '20932'),
	(768, 11, 'Danture', '20465'),
	(769, 11, 'Dedunupitiya', '20068'),
	(770, 11, 'Dekinda', '20658'),
	(771, 11, 'Deltota', '20430'),
	(772, 11, 'Divulankadawala', '51428'),
	(773, 11, 'Dolapihilla', '20126'),
	(774, 11, 'Dolosbage', '20510'),
	(775, 11, 'Dunuwila', '20824'),
	(776, 11, 'Etulgama', '20202'),
	(777, 11, 'Galaboda', '20664'),
	(778, 11, 'Galagedara', '20100'),
	(779, 11, 'Galaha', '20420'),
	(780, 11, 'Galhinna', '20152'),
	(781, 11, 'Gampola', '20500'),
	(782, 11, 'Gelioya', '20620'),
	(783, 11, 'Godamunna', '20214'),
	(784, 11, 'Gomagoda', '20184'),
	(785, 11, 'Gonagantenna', '20712'),
	(786, 11, 'Gonawalapatana', '20656'),
	(787, 11, 'Gunnepana', '20270'),
	(788, 11, 'Gurudeniya', '20189'),
	(789, 11, 'Hakmana', '81300'),
	(790, 11, 'Handaganawa', '20984'),
	(791, 11, 'Handawalapitiya', '20438'),
	(792, 11, 'Handessa', '20480'),
	(793, 11, 'Hanguranketha', '20710'),
	(794, 11, 'Harangalagama', '20669'),
	(795, 11, 'Hataraliyadda', '20060'),
	(796, 11, 'Hindagala', '20414'),
	(797, 11, 'Hondiyadeniya', '20524'),
	(798, 11, 'Hunnasgiriya', '20948'),
	(799, 11, 'Inguruwatta', '60064'),
	(800, 11, 'Jambugahapitiya', '20822'),
	(801, 11, 'Kadugannawa', '20300'),
	(802, 11, 'Kahataliyadda', '20924'),
	(803, 11, 'Kalugala', '20926'),
	(804, 11, 'Kandy', '20000'),
	(805, 11, 'Kapuliyadde', '20206'),
	(806, 11, 'Katugastota', '20800'),
	(807, 11, 'Katukitula', '20588'),
	(808, 11, 'Kelanigama', '20688'),
	(809, 11, 'Kengalla', '20186'),
	(810, 11, 'Ketaboola', '20660'),
	(811, 11, 'Ketakumbura', '20306'),
	(812, 11, 'Kobonila', '20928'),
	(813, 11, 'Kolabissa', '20212'),
	(814, 11, 'Kolongoda', '20971'),
	(815, 11, 'Kulugammana', '20048'),
	(816, 11, 'Kumbukkandura', '20902'),
	(817, 11, 'Kumburegama', '20086'),
	(818, 11, 'Kundasale', '20168'),
	(819, 11, 'Leemagahakotuwa', '20482'),
	(820, 11, 'lhala Kobbekaduwa', '20042'),
	(821, 11, 'Lunugama', '11062'),
	(822, 11, 'Lunuketiya Maditta', '20172'),
	(823, 11, 'Madawala Bazaar', '20260'),
	(824, 11, 'Madawalalanda', '32016'),
	(825, 11, 'Madugalla', '20938'),
	(826, 11, 'Madulkele', '20840'),
	(827, 11, 'Mahadoraliyadda', '20945'),
	(828, 11, 'Mahamedagama', '20216'),
	(829, 11, 'Mahanagapura', '32018'),
	(830, 11, 'Mailapitiya', '20702'),
	(831, 11, 'Makkanigama', '20828'),
	(832, 11, 'Makuldeniya', '20921'),
	(833, 11, 'Mangalagama', '32069'),
	(834, 11, 'Mapakanda', '20662'),
	(835, 11, 'Marassana', '20210'),
	(836, 11, 'Marymount Colony', '20714'),
	(837, 11, 'Mawatura', '20564'),
	(838, 11, 'Medamahanuwara', '20940'),
	(839, 11, 'Medawala Harispattuwa', '20120'),
	(840, 11, 'Meetalawa', '20512'),
	(841, 11, 'Megoda Kalugamuwa', '20409'),
	(842, 11, 'Menikdiwela', '20470'),
	(843, 11, 'Menikhinna', '20170'),
	(844, 11, 'Mimure', '20923'),
	(845, 11, 'Minigamuwa', '20109'),
	(846, 11, 'Minipe', '20983'),
	(847, 11, 'Moragahapallama', '32012'),
	(848, 11, 'Murutalawa', '20232'),
	(849, 11, 'Muruthagahamulla', '20526'),
	(850, 11, 'Nanuoya', '22150'),
	(851, 11, 'Naranpanawa', '20176'),
	(852, 11, 'Narawelpita', '81302'),
	(853, 11, 'Nawalapitiya', '20650'),
	(854, 11, 'Nawathispane', '20670'),
	(855, 11, 'Nillambe', '20418'),
	(856, 11, 'Nugaliyadda', '20204'),
	(857, 11, 'Ovilikanda', '21020'),
	(858, 11, 'Pallekotuwa', '20084'),
	(859, 11, 'Panwilatenna', '20544'),
	(860, 11, 'Paradeka', '20578'),
	(861, 11, 'Pasbage', '20654'),
	(862, 11, 'Pattitalawa', '20511'),
	(863, 11, 'Peradeniya', '20400'),
	(864, 11, 'Pilimatalawa', '20450'),
	(865, 11, 'Poholiyadda', '20106'),
	(866, 11, 'Pubbiliya', '21502'),
	(867, 11, 'Pupuressa', '20546'),
	(868, 11, 'Pussellawa', '20580'),
	(869, 11, 'Putuhapuwa', '20906'),
	(870, 11, 'Rajawella', '20180'),
	(871, 11, 'Rambukpitiya', '20676'),
	(872, 11, 'Rambukwella', '20128'),
	(873, 11, 'Rangala', '20922'),
	(874, 11, 'Rantembe', '20990'),
	(875, 11, 'Sangarajapura', '20044'),
	(876, 11, 'Senarathwela', '20904'),
	(877, 11, 'Talatuoya', '20200'),
	(878, 11, 'Teldeniya', '20900'),
	(879, 11, 'Tennekumbura', '20166'),
	(880, 11, 'Uda Peradeniya', '20404'),
	(881, 11, 'Udahentenna', '20506'),
	(882, 11, 'Udatalawinna', '20802'),
	(883, 11, 'Udispattuwa', '20916'),
	(884, 11, 'Ududumbara', '20950'),
	(885, 11, 'Uduwahinna', '20934'),
	(886, 11, 'Uduwela', '20164'),
	(887, 11, 'Ulapane', '20562'),
	(888, 11, 'Unuwinna', '20708'),
	(889, 11, 'Velamboda', '20640'),
	(890, 11, 'Watagoda', '22110'),
	(891, 11, 'Watagoda Harispattuwa', '20134'),
	(892, 11, 'Wattappola', '20454'),
	(893, 11, 'Weligampola', '20666'),
	(894, 11, 'Wendaruwa', '20914'),
	(895, 11, 'Weragantota', '20982'),
	(896, 11, 'Werapitya', '20908'),
	(897, 11, 'Werellagama', '20080'),
	(898, 11, 'Wettawa', '20108'),
	(899, 11, 'Yahalatenna', '20234'),
	(900, 11, 'Yatihalagala', '20034'),
	(901, 12, 'Alawala', '11122'),
	(902, 12, 'Alawatura', '71204'),
	(903, 12, 'Alawwa', '60280'),
	(904, 12, 'Algama', '71607'),
	(905, 12, 'Alutnuwara', '71508'),
	(906, 12, 'Ambalakanda', '71546'),
	(907, 12, 'Ambulugala', '71503'),
	(908, 12, 'Amitirigala', '71320'),
	(909, 12, 'Ampagala', '71232'),
	(910, 12, 'Anhandiya', '60074'),
	(911, 12, 'Anhettigama', '71403'),
	(912, 12, 'Aranayaka', '71540'),
	(913, 12, 'Aruggammana', '71041'),
	(914, 12, 'Batuwita', '71321'),
	(915, 12, 'Beligala(Sab)', '71044'),
	(916, 12, 'Belihuloya', '70140'),
	(917, 12, 'Berannawa', '71706'),
	(918, 12, 'Bopitiya', '60155'),
	(919, 12, 'Bopitiya (SAB)', '71612'),
	(920, 12, 'Boralankada', '71418'),
	(921, 12, 'Bossella', '71208'),
	(922, 12, 'Bulathkohupitiya', '71230'),
	(923, 12, 'Damunupola', '71034'),
	(924, 12, 'Debathgama', '71037'),
	(925, 12, 'Dedugala', '71237'),
	(926, 12, 'Deewala Pallegama', '71022'),
	(927, 12, 'Dehiowita', '71400'),
	(928, 12, 'Deldeniya', '71009'),
	(929, 12, 'Deloluwa', '71401'),
	(930, 12, 'Deraniyagala', '71430'),
	(931, 12, 'Dewalegama', '71050'),
	(932, 12, 'Dewanagala', '71527'),
	(933, 12, 'Dombemada', '71115'),
	(934, 12, 'Dorawaka', '71601'),
	(935, 12, 'Dunumala', '71605'),
	(936, 12, 'Galapitamada', '71603'),
	(937, 12, 'Galatara', '71505'),
	(938, 12, 'Galigamuwa Town', '71350'),
	(939, 12, 'Gallella', '70062'),
	(940, 12, 'Galpatha(Sab)', '71312'),
	(941, 12, 'Gantuna', '71222'),
	(942, 12, 'Getahetta', '70620'),
	(943, 12, 'Godagampola', '70556'),
	(944, 12, 'Gonagala', '71318'),
	(945, 12, 'Hakahinna', '71352'),
	(946, 12, 'Hakbellawaka', '71715'),
	(947, 12, 'Halloluwa', '20032'),
	(948, 12, 'Hedunuwewa', '22024'),
	(949, 12, 'Hemmatagama', '71530'),
	(950, 12, 'Hewadiwela', '71108'),
	(951, 12, 'Hingula', '71520'),
	(952, 12, 'Hinguralakanda', '71417'),
	(953, 12, 'Hingurana', '32010'),
	(954, 12, 'Hiriwadunna', '71014'),
	(955, 12, 'Ihala Walpola', '80134'),
	(956, 12, 'Ihalagama', '70144'),
	(957, 12, 'Imbulana', '71313'),
	(958, 12, 'Imbulgasdeniya', '71055'),
	(959, 12, 'Kabagamuwa', '71202'),
	(960, 12, 'Kahapathwala', '60062'),
	(961, 12, 'Kandaketya', '90020'),
	(962, 12, 'Kannattota', '71372'),
	(963, 12, 'Karagahinna', '21014'),
	(964, 12, 'Kegalle', '71000'),
	(965, 12, 'Kehelpannala', '71533'),
	(966, 12, 'Ketawala Leula', '20198'),
	(967, 12, 'Kitulgala', '71720'),
	(968, 12, 'Kondeniya', '71501'),
	(969, 12, 'Kotiyakumbura', '71370'),
	(970, 12, 'Lewangama', '71315'),
	(971, 12, 'Mahabage', '71722'),
	(972, 12, 'Makehelwala', '71507'),
	(973, 12, 'Malalpola', '71704'),
	(974, 12, 'Maldeniya', '22021'),
	(975, 12, 'Maliboda', '71411'),
	(976, 12, 'Maliyadda', '90022'),
	(977, 12, 'Malmaduwa', '71325'),
	(978, 12, 'Marapana', '70041'),
	(979, 12, 'Mawanella', '71500'),
	(980, 12, 'Meetanwala', '60066'),
	(981, 12, 'Migastenna Sabara', '71716'),
	(982, 12, 'Miyanawita', '71432'),
	(983, 12, 'Molagoda', '71016'),
	(984, 12, 'Morontota', '71220'),
	(985, 12, 'Narangala', '90064'),
	(986, 12, 'Narangoda', '60152'),
	(987, 12, 'Nattarampotha', '20194'),
	(988, 12, 'Nelundeniya', '71060'),
	(989, 12, 'Niyadurupola', '71602'),
	(990, 12, 'Noori', '71407'),
	(991, 12, 'Pannila', '12114'),
	(992, 12, 'Pattampitiya', '71130'),
	(993, 12, 'Pilawala', '20196'),
	(994, 12, 'Pothukoladeniya', '71039'),
	(995, 12, 'Puswelitenna', '60072'),
	(996, 12, 'Rambukkana', '71100'),
	(997, 12, 'Rilpola', '90026'),
	(998, 12, 'Rukmale', '11129'),
	(999, 12, 'Ruwanwella', '71300'),
	(1000, 12, 'Samanalawewa', '70142'),
	(1001, 12, 'Seaforth Colony', '71708'),
	(1002, 5, 'Colombo 2', '200'),
	(1003, 12, 'Spring Valley', '90028'),
	(1004, 12, 'Talgaspitiya', '71541'),
	(1005, 12, 'Teligama', '71724'),
	(1006, 12, 'Tholangamuwa', '71619'),
	(1007, 12, 'Thotawella', '71106'),
	(1008, 12, 'Udaha Hawupe', '70154'),
	(1009, 12, 'Udapotha', '71236'),
	(1010, 12, 'Uduwa', '20052'),
	(1011, 12, 'Undugoda', '71200'),
	(1012, 12, 'Ussapitiya', '71510'),
	(1013, 12, 'Wahakula', '71303'),
	(1014, 12, 'Waharaka', '71304'),
	(1015, 12, 'Wanaluwewa', '11068'),
	(1016, 12, 'Warakapola', '71600'),
	(1017, 12, 'Watura', '71035'),
	(1018, 12, 'Weeoya', '71702'),
	(1019, 12, 'Wegalla', '71234'),
	(1020, 12, 'Weligalla', '20610'),
	(1021, 12, 'Welihelatenna', '71712'),
	(1022, 12, 'Wewelwatta', '70066'),
	(1023, 12, 'Yatagama', '71116'),
	(1024, 12, 'Yatapana', '71326'),
	(1025, 12, 'Yatiyantota', '71700'),
	(1026, 12, 'Yattogoda', '71029'),
	(1027, 13, 'Kandavalai', ''),
	(1028, 13, 'Karachchi', ''),
	(1029, 13, 'Kilinochchi', ''),
	(1030, 13, 'Pachchilaipalli', ''),
	(1031, 13, 'Poonakary', ''),
	(1032, 11, 'Akurana', '20850'),
	(1033, 14, 'Alahengama', '60416'),
	(1034, 14, 'Alahitiyawa', '60182'),
	(1035, 14, 'Ambakote', '60036'),
	(1036, 14, 'Ambanpola', '60650'),
	(1037, 14, 'Andiyagala', '50112'),
	(1038, 14, 'Anukkane', '60214'),
	(1039, 14, 'Aragoda', '60308'),
	(1040, 14, 'Ataragalla', '60706'),
	(1041, 14, 'Awulegama', '60462'),
	(1042, 14, 'Balalla', '60604'),
	(1043, 14, 'Bamunukotuwa', '60347'),
	(1044, 14, 'Bandara Koswatta', '60424'),
	(1045, 14, 'Bingiriya', '60450'),
	(1046, 14, 'Bogamulla', '60107'),
	(1047, 14, 'Boraluwewa', '60437'),
	(1048, 14, 'Boyagane', '60027'),
	(1049, 14, 'Bujjomuwa', '60291'),
	(1050, 14, 'Buluwala', '60076'),
	(1051, 14, 'Dadayamtalawa', '32046'),
	(1052, 14, 'Dambadeniya', '60130'),
	(1053, 14, 'Daraluwa', '60174'),
	(1054, 14, 'Deegalla', '60228'),
	(1055, 14, 'Demataluwa', '60024'),
	(1056, 14, 'Demuwatha', '70332'),
	(1057, 14, 'Diddeniya', '60544'),
	(1058, 14, 'Digannewa', '60485'),
	(1059, 14, 'Divullegoda', '60472'),
	(1060, 14, 'Diyasenpura', '51504'),
	(1061, 14, 'Dodangaslanda', '60530'),
	(1062, 14, 'Doluwa', '20532'),
	(1063, 14, 'Doragamuwa', '20816'),
	(1064, 14, 'Doratiyawa', '60013'),
	(1065, 14, 'Dunumadalawa', '50214'),
	(1066, 14, 'Dunuwilapitiya', '21538'),
	(1067, 14, 'Ehetuwewa', '60716'),
	(1068, 14, 'Elibichchiya', '60156'),
	(1069, 14, 'Embogama', '60718'),
	(1070, 14, 'Etungahakotuwa', '60266'),
	(1071, 14, 'Galadivulwewa', '50210'),
	(1072, 14, 'Galgamuwa', '60700'),
	(1073, 14, 'Gallellagama', '20095'),
	(1074, 14, 'Gallewa', '60712'),
	(1075, 14, 'Ganegoda', '80440'),
	(1076, 14, 'Girathalana', '60752'),
	(1077, 14, 'Gokaralla', '60522'),
	(1078, 14, 'Gonawila', '60170'),
	(1079, 14, 'Halmillawewa', '60441'),
	(1080, 14, 'Handungamuwa', '21536'),
	(1081, 14, 'Harankahawa', '20092'),
	(1082, 14, 'Helamada', '71046'),
	(1083, 14, 'Hengamuwa', '60414'),
	(1084, 14, 'Hettipola', '60430'),
	(1085, 14, 'Hewainna', '10714'),
	(1086, 14, 'Hilogama', '60486'),
	(1087, 14, 'Hindagolla', '60034'),
	(1088, 14, 'Hiriyala Lenawa', '60546'),
	(1089, 14, 'Hiruwalpola', '60458'),
	(1090, 14, 'Horambawa', '60181'),
	(1091, 14, 'Hulogedara', '60474'),
	(1092, 14, 'Hulugalla', '60477'),
	(1093, 14, 'Ihala Gomugomuwa', '60211'),
	(1094, 14, 'Ihala Katugampala', '60135'),
	(1095, 14, 'Indulgodakanda', '60016'),
	(1096, 14, 'Ithanawatta', '60025'),
	(1097, 14, 'Kadigawa', '60492'),
	(1098, 14, 'Kalankuttiya', '50174'),
	(1099, 14, 'Kalatuwawa', '10718'),
	(1100, 14, 'Kalugamuwa', '60096'),
	(1101, 14, 'Kanadeniyawala', '60054'),
	(1102, 14, 'Kanattewewa', '60422'),
	(1103, 14, 'Kandegedara', '90070'),
	(1104, 14, 'Karagahagedara', '60106'),
	(1105, 14, 'Karambe', '60602'),
	(1106, 14, 'Katiyawa', '50261'),
	(1107, 14, 'Katupota', '60350'),
	(1108, 14, 'Kawudulla', '51414'),
	(1109, 14, 'Kawuduluwewa Stagell', '51514'),
	(1110, 14, 'Kekunagolla', '60183'),
	(1111, 14, 'Keppitiwalana', '60288'),
	(1112, 14, 'Kimbulwanaoya', '60548'),
	(1113, 14, 'Kirimetiyawa', '60184'),
	(1114, 14, 'Kirindawa', '60212'),
	(1115, 14, 'Kirindigalla', '60502'),
	(1116, 14, 'Kithalawa', '60188'),
	(1117, 14, 'Kitulwala', '11242'),
	(1118, 14, 'Kobeigane', '60410'),
	(1119, 14, 'Kohilagedara', '60028'),
	(1120, 14, 'Konwewa', '60630'),
	(1121, 14, 'Kosdeniya', '60356'),
	(1122, 14, 'Kosgolla', '60029'),
	(1123, 14, 'Kotagala', '22080'),
	(1124, 5, 'Colombo 13', '01300'),
	(1125, 14, 'Kotawehera', '60483'),
	(1126, 14, 'Kudagalgamuwa', '60003'),
	(1127, 14, 'Kudakatnoruwa', '60754'),
	(1128, 14, 'Kuliyapitiya', '60200'),
	(1129, 14, 'Kumaragama', '51412'),
	(1130, 14, 'Kumbukgeta', '60508'),
	(1131, 14, 'Kumbukwewa', '60506'),
	(1132, 14, 'Kuratihena', '60438'),
	(1133, 14, 'Kurunegala', '60000'),
	(1134, 14, 'lbbagamuwa', '60500'),
	(1135, 14, 'lhala Kadigamuwa', '60238'),
	(1136, 14, 'Lihiriyagama', '61138'),
	(1137, 14, 'lllagolla', '20724'),
	(1138, 14, 'llukhena', '60232'),
	(1139, 14, 'Lonahettiya', '60108'),
	(1140, 14, 'Madahapola', '60552'),
	(1141, 14, 'Madakumburumulla', '60209'),
	(1142, 14, 'Madalagama', '70158'),
	(1143, 14, 'Madawala Ulpotha', '21074'),
	(1144, 14, 'Maduragoda', '60532'),
	(1145, 14, 'Maeliya', '60512'),
	(1146, 14, 'Magulagama', '60221'),
	(1147, 14, 'Maha Ambagaswewa', '51518'),
	(1148, 14, 'Mahagalkadawala', '60731'),
	(1149, 14, 'Mahagirilla', '60479'),
	(1150, 14, 'Mahamukalanyaya', '60516'),
	(1151, 14, 'Mahananneriya', '60724'),
	(1152, 14, 'Mahapallegama', '71063'),
	(1153, 14, 'Maharachchimulla', '60286'),
	(1154, 14, 'Mahatalakolawewa', '51506'),
	(1155, 14, 'Mahawewa', '61220'),
	(1156, 14, 'Maho', '60600'),
	(1157, 14, 'Makulewa', '60714'),
	(1158, 14, 'Makulpotha', '60514'),
	(1159, 14, 'Makulwewa', '60578'),
	(1160, 14, 'Malagane', '60404'),
	(1161, 14, 'Mandapola', '60434'),
	(1162, 14, 'Maspotha', '60344'),
	(1163, 14, 'Mawathagama', '60060'),
	(1164, 14, 'Medirigiriya', '51500'),
	(1165, 14, 'Medivawa', '60612'),
	(1166, 14, 'Meegalawa', '60750'),
	(1167, 14, 'Meegaswewa', '51508'),
	(1168, 14, 'Meewellawa', '60484'),
	(1169, 14, 'Melsiripura', '60540'),
	(1170, 14, 'Metikumbura', '60304'),
	(1171, 14, 'Metiyagane', '60121'),
	(1172, 14, 'Minhettiya', '60004'),
	(1173, 14, 'Minuwangete', '60406'),
	(1174, 14, 'Mirihanagama', '60408'),
	(1175, 14, 'Monnekulama', '60495'),
	(1176, 14, 'Moragane', '60354'),
	(1177, 14, 'Moragollagama', '60640'),
	(1178, 14, 'Morathiha', '60038'),
	(1179, 14, 'Munamaldeniya', '60218'),
	(1180, 14, 'Muruthenge', '60122'),
	(1181, 14, 'Mutugala', '51064'),
	(1182, 14, 'Nabadewa', '60482'),
	(1183, 14, 'Nagollagama', '60590'),
	(1184, 14, 'Nagollagoda', '60226'),
	(1185, 14, 'Nakkawatta', '60186'),
	(1186, 14, 'Narammala', '60100'),
	(1187, 14, 'Nawasenapura', '51066'),
	(1188, 14, 'Nawatalwatta', '60292'),
	(1189, 14, 'Nelliya', '60549'),
	(1190, 14, 'Nikaweratiya', '60470'),
	(1191, 14, 'Nugagolla', '21534'),
	(1192, 14, 'Nugawela', '20072'),
	(1193, 14, 'Padeniya', '60461'),
	(1194, 14, 'Padiwela', '60236'),
	(1195, 14, 'Pahalagiribawa', '60735'),
	(1196, 14, 'Pahamune', '60112'),
	(1197, 14, 'Palagala', '50111'),
	(1198, 14, 'Palapathwela', '21070'),
	(1199, 14, 'Palaviya', '61280'),
	(1200, 14, 'Pallewela', '11150'),
	(1201, 14, 'Palukadawala', '60704'),
	(1202, 14, 'Panadaragama', '60348'),
	(1203, 14, 'Panagamuwa', '60052'),
	(1204, 14, 'Panaliya', '60312'),
	(1205, 14, 'Panapitiya', '70152'),
	(1206, 14, 'Panliyadda', '60558'),
	(1207, 14, 'Pansiyagama', '60554'),
	(1208, 14, 'Parape', '71105'),
	(1209, 14, 'Pathanewatta', '90071'),
	(1210, 14, 'Pattiya Watta', '20118'),
	(1211, 14, 'Perakanatta', '21532'),
	(1212, 14, 'Periyakadneluwa', '60518'),
	(1213, 14, 'Pihimbiya Ratmale', '60439'),
	(1214, 14, 'Pihimbuwa', '60053'),
	(1215, 14, 'Pilessa', '60058'),
	(1216, 14, 'Polgahawela', '60300'),
	(1217, 14, 'Polgolla', '20250'),
	(1218, 14, 'Polpithigama', '60620'),
	(1219, 14, 'Pothuhera', '60330'),
	(1220, 14, 'Pothupitiya', '70338'),
	(1221, 14, 'Pujapitiya', '20112'),
	(1222, 14, 'Rakwana', '70300'),
	(1223, 14, 'Ranorawa', '50212'),
	(1224, 14, 'Rathukohodigala', '20818'),
	(1225, 14, 'Ridibendiella', '60606'),
	(1226, 14, 'Ridigama', '60040'),
	(1227, 14, 'Saliya Asokapura', '60736'),
	(1228, 14, 'Sandalankawa', '60176'),
	(1229, 14, 'Sevanapitiya', '51062'),
	(1230, 14, 'Sirambiadiya', '61312'),
	(1231, 14, 'Sirisetagama', '60478'),
	(1232, 14, 'Siyambalangamuwa', '60646'),
	(1233, 14, 'Siyambalawewa', '32048'),
	(1234, 14, 'Solepura', '60737'),
	(1235, 14, 'Solewewa', '60738'),
	(1236, 14, 'Sunandapura', '60436'),
	(1237, 14, 'Talawattegedara', '60306'),
	(1238, 14, 'Tambutta', '60734'),
	(1239, 14, 'Tennepanguwa', '90072'),
	(1240, 14, 'Thalahitimulla', '60208'),
	(1241, 14, 'Thalakolawewa', '60624'),
	(1242, 14, 'Thalwita', '60572'),
	(1243, 14, 'Tharana Udawela', '60227'),
	(1244, 14, 'Thimbiriyawa', '60476'),
	(1245, 14, 'Tisogama', '60453'),
	(1246, 14, 'Thorayaya', '60499'),
	(1247, 14, 'Tulhiriya', '71610'),
	(1248, 14, 'Tuntota', '71062'),
	(1249, 14, 'Tuttiripitigama', '60426'),
	(1250, 14, 'Udagaldeniya', '71113'),
	(1251, 14, 'Udahingulwala', '20094'),
	(1252, 14, 'Udawatta', '20722'),
	(1253, 14, 'Udubaddawa', '60250'),
	(1254, 14, 'Udumulla', '71521'),
	(1255, 14, 'Uhumiya', '60094'),
	(1256, 14, 'Ulpotha Pallekele', '60622'),
	(1257, 14, 'Ulpothagama', '20965'),
	(1258, 14, 'Usgala Siyabmalangamuwa', '60732'),
	(1259, 14, 'Vijithapura', '50110'),
	(1260, 14, 'Wadakada', '60318'),
	(1261, 14, 'Wadumunnegedara', '60204'),
	(1262, 14, 'Walakumburumulla', '60198'),
	(1263, 14, 'Wannigama', '60465'),
	(1264, 14, 'Wannikudawewa', '60721'),
	(1265, 14, 'Wannilhalagama', '60722'),
	(1266, 14, 'Wannirasnayakapura', '60490'),
	(1267, 14, 'Warawewa', '60739'),
	(1268, 14, 'Wariyapola', '60400'),
	(1269, 14, 'Watareka', '10511'),
	(1270, 14, 'Wattegama', '20810'),
	(1271, 14, 'Watuwatta', '60262'),
	(1272, 14, 'Weerapokuna', '60454'),
	(1273, 14, 'Welawa Juncton', '60464'),
	(1274, 14, 'Welipennagahamulla', '60240'),
	(1275, 14, 'Wellagala', '60402'),
	(1276, 14, 'Wellarawa', '60456'),
	(1277, 14, 'Wellawa', '60570'),
	(1278, 14, 'Welpalla', '60206'),
	(1279, 14, 'Wennoruwa', '60284'),
	(1280, 14, 'Weuda', '60080'),
	(1281, 14, 'Wewagama', '60195'),
	(1282, 14, 'Wilgamuwa', '21530'),
	(1283, 14, 'Yakwila', '60202'),
	(1284, 14, 'Yatigaloluwa', '60314'),
	(1285, 15, 'Mannar', '41000'),
	(1286, 15, 'Puthukudiyiruppu', '30158'),
	(1287, 16, 'Akuramboda', '21142'),
	(1288, 16, 'Alawatuwala', '60047'),
	(1289, 16, 'Alwatta', '21004'),
	(1290, 16, 'Ambana', '21504'),
	(1291, 16, 'Aralaganwila', '51100'),
	(1292, 16, 'Ataragallewa', '21512'),
	(1293, 16, 'Bambaragaswewa', '21212'),
	(1294, 16, 'Barawardhana Oya', '20967'),
	(1295, 16, 'Beligamuwa', '21214'),
	(1296, 16, 'Damana', '32014'),
	(1297, 16, 'Dambulla', '21100'),
	(1298, 16, 'Damminna', '51106'),
	(1299, 16, 'Dankanda', '21032'),
	(1300, 16, 'Delwite', '60044'),
	(1301, 16, 'Devagiriya', '21552'),
	(1302, 16, 'Dewahuwa', '21206'),
	(1303, 16, 'Divuldamana', '51104'),
	(1304, 16, 'Dullewa', '21054'),
	(1305, 16, 'Dunkolawatta', '21046'),
	(1306, 16, 'Elkaduwa', '21012'),
	(1307, 16, 'Erawula Junction', '21108'),
	(1308, 16, 'Etanawala', '21402'),
	(1309, 16, 'Galewela', '21200'),
	(1310, 16, 'Galoya Junction', '51375'),
	(1311, 16, 'Gammaduwa', '21068'),
	(1312, 16, 'Gangala Puwakpitiya', '21404'),
	(1313, 16, 'Hasalaka', '20960'),
	(1314, 16, 'Hattota Amuna', '21514'),
	(1315, 16, 'Imbulgolla', '21064'),
	(1316, 16, 'Inamaluwa', '21124'),
	(1317, 16, 'Iriyagolla', '60045'),
	(1318, 16, 'Kaikawala', '21066'),
	(1319, 16, 'Kalundawa', '21112'),
	(1320, 16, 'Kandalama', '21106'),
	(1321, 16, 'Kavudupelella', '21072'),
	(1322, 16, 'Kibissa', '21122'),
	(1323, 16, 'Kiwula', '21042'),
	(1324, 16, 'Kongahawela', '21500'),
	(1325, 16, 'Laggala Pallegama', '21520'),
	(1326, 16, 'Leliambe', '21008'),
	(1327, 16, 'Lenadora', '21094'),
	(1328, 16, 'lhala Halmillewa', '50262'),
	(1329, 16, 'lllukkumbura', '21406'),
	(1330, 16, 'Madipola', '51108'),
	(1332, 16, 'Mahawela', '21140'),
	(1333, 16, 'Mananwatta', '21144'),
	(1334, 16, 'Maraka', '21554'),
	(1335, 16, 'Matale', '21000'),
	(1336, 16, 'Melipitiya', '21055'),
	(1337, 16, 'Metihakka', '21062'),
	(1338, 16, 'Millawana', '21154'),
	(1339, 16, 'Muwandeniya', '21044'),
	(1340, 16, 'Nalanda', '21082'),
	(1341, 16, 'Naula', '21090'),
	(1342, 16, 'Opalgala', '21076'),
	(1343, 16, 'Pallepola', '21152'),
	(1344, 16, 'Pimburattewa', '51102'),
	(1345, 16, 'Pulastigama', '51050'),
	(1346, 16, 'Ranamuregama', '21524'),
	(1347, 16, 'Rattota', '21400'),
	(1348, 16, 'Selagama', '21058'),
	(1349, 16, 'Sigiriya', '21120'),
	(1350, 16, 'Sinhagama', '51378'),
	(1351, 16, 'Sungavila', '51052'),
	(1352, 16, 'Talagoda Junction', '21506'),
	(1353, 16, 'Talakiriyagama', '21116'),
	(1354, 16, 'Tamankaduwa', '51089'),
	(1355, 16, 'Udasgiriya', '21051'),
	(1356, 16, 'Udatenna', '21006'),
	(1357, 16, 'Ukuwela', '21300'),
	(1358, 16, 'Wahacotte', '21160'),
	(1359, 16, 'Walawela', '21048'),
	(1360, 16, 'Wehigala', '21009'),
	(1361, 16, 'Welangahawatte', '21408'),
	(1362, 16, 'Wewalawewa', '21114'),
	(1363, 16, 'Yatawatta', '21056'),
	(1364, 17, 'Akuressa', '81400'),
	(1365, 17, 'Alapaladeniya', '81475'),
	(1366, 17, 'Aparekka', '81032'),
	(1367, 17, 'Athuraliya', '81402'),
	(1368, 17, 'Bengamuwa', '81614'),
	(1369, 17, 'Bopagoda', '81412'),
	(1370, 17, 'Dampahala', '81612'),
	(1371, 17, 'Deegala Lenama', '81452'),
	(1372, 17, 'Deiyandara', '81320'),
	(1373, 17, 'Denagama', '81314'),
	(1374, 17, 'Denipitiya', '81730'),
	(1375, 17, 'Deniyaya', '81500'),
	(1376, 17, 'Derangala', '81454'),
	(1377, 17, 'Devinuwara (Dondra)', '81160'),
	(1378, 17, 'Dikwella', '81200'),
	(1379, 17, 'Diyagaha', '81038'),
	(1380, 17, 'Diyalape', '81422'),
	(1381, 17, 'Gandara', '81170'),
	(1382, 17, 'Godapitiya', '81408'),
	(1383, 17, 'Gomilamawarala', '81072'),
	(1384, 17, 'Hawpe', '80132'),
	(1385, 17, 'Horapawita', '81108'),
	(1386, 17, 'Kalubowitiyana', '81478'),
	(1387, 17, 'Kamburugamuwa', '81750'),
	(1388, 17, 'Kamburupitiya', '81100'),
	(1389, 17, 'Karagoda Uyangoda', '81082'),
	(1390, 17, 'Karaputugala', '81106'),
	(1391, 17, 'Karatota', '81318'),
	(1392, 17, 'Kekanadura', '81020'),
	(1393, 17, 'Kiriweldola', '81514'),
	(1394, 17, 'Kiriwelkele', '81456'),
	(1395, 17, 'Kolawenigama', '81522'),
	(1396, 17, 'Kotapola', '81480'),
	(1397, 17, 'Lankagama', '81526'),
	(1398, 17, 'Makandura', '81070'),
	(1399, 17, 'Maliduwa', '81424'),
	(1400, 17, 'Maramba', '81416'),
	(1401, 17, 'Matara', '81000'),
	(1402, 17, 'Mediripitiya', '81524'),
	(1403, 17, 'Miella', '81312'),
	(1404, 17, 'Mirissa', '81740'),
	(1405, 17, 'Morawaka', '81470'),
	(1406, 17, 'Mulatiyana Junction', '81071'),
	(1407, 17, 'Nadugala', '81092'),
	(1408, 17, 'Naimana', '81017'),
	(1409, 17, 'Palatuwa', '81050'),
	(1410, 17, 'Parapamulla', '81322'),
	(1411, 17, 'Pasgoda', '81615'),
	(1412, 17, 'Penetiyana', '81722'),
	(1413, 17, 'Pitabeddara', '81450'),
	(1414, 17, 'Puhulwella', '81290'),
	(1415, 17, 'Radawela', '81316'),
	(1416, 17, 'Ransegoda', '81064'),
	(1417, 17, 'Rotumba', '81074'),
	(1418, 17, 'Sultanagoda', '81051'),
	(1419, 17, 'Telijjawila', '81060'),
	(1420, 17, 'Thihagoda', '81280'),
	(1421, 17, 'Urubokka', '81600'),
	(1422, 17, 'Urugamuwa', '81230'),
	(1423, 17, 'Urumutta', '81414'),
	(1424, 17, 'Viharahena', '81508'),
	(1425, 17, 'Walakanda', '81294'),
	(1426, 17, 'Walasgala', '81220'),
	(1427, 17, 'Waralla', '81479'),
	(1428, 17, 'Weligama', '81700'),
	(1429, 17, 'Wilpita', '81404'),
	(1430, 17, 'Yatiyana', '81034'),
	(1431, 18, 'Ayiwela', '91516'),
	(1432, 18, 'Badalkumbura', '91070'),
	(1433, 18, 'Baduluwela', '91058'),
	(1434, 18, 'Bakinigahawela', '91554'),
	(1435, 18, 'Balaharuwa', '91295'),
	(1436, 18, 'Bibile', '91500'),
	(1437, 18, 'Buddama', '91038'),
	(1438, 18, 'Buttala', '91100'),
	(1439, 18, 'Dambagalla', '91050'),
	(1440, 18, 'Diyakobala', '91514'),
	(1441, 18, 'Dombagahawela', '91010'),
	(1442, 18, 'Ethimalewewa', '91020'),
	(1443, 18, 'Ettiliwewa', '91250'),
	(1444, 18, 'Galabedda', '91008'),
	(1445, 18, 'Gamewela', '90512'),
	(1446, 18, 'Hambegamuwa', '91308'),
	(1447, 18, 'Hingurukaduwa', '90508'),
	(1448, 18, 'Hulandawa', '91004'),
	(1449, 18, 'Inginiyagala', '91040'),
	(1450, 18, 'Kandaudapanguwa', '91032'),
	(1451, 18, 'Kandawinna', '91552'),
	(1452, 18, 'Kataragama', '91400'),
	(1453, 18, 'Kotagama', '91512'),
	(1454, 18, 'Kotamuduna', '90506'),
	(1455, 18, 'Kotawehera Mankada', '91312'),
	(1456, 18, 'Kudawewa', '61226'),
	(1457, 18, 'Kumbukkana', '91098'),
	(1458, 18, 'Marawa', '91006'),
	(1459, 18, 'Mariarawa', '91052'),
	(1460, 18, 'Medagana', '91550'),
	(1461, 18, 'Medawelagama', '90518'),
	(1462, 18, 'Miyanakandura', '90584'),
	(1463, 18, 'Monaragala', '91000'),
	(1464, 18, 'Moretuwegama', '91108'),
	(1465, 18, 'Nakkala', '91003'),
	(1466, 18, 'Namunukula', '90580'),
	(1467, 18, 'Nannapurawa', '91519'),
	(1468, 18, 'Nelliyadda', '91042'),
	(1469, 18, 'Nilgala', '91508'),
	(1470, 18, 'Obbegoda', '91007'),
	(1471, 18, 'Okkampitiya', '91060'),
	(1472, 18, 'Pangura', '91002'),
	(1473, 18, 'Pitakumbura', '91505'),
	(1474, 18, 'Randeniya', '91204'),
	(1475, 18, 'Ruwalwela', '91056'),
	(1476, 18, 'Sella Kataragama', '91405'),
	(1477, 18, 'Siyambalagune', '91202'),
	(1478, 18, 'Siyambalanduwa', '91030'),
	(1479, 18, 'Suriara', '91306'),
	(1480, 18, 'Thanamalwila', '91300'),
	(1481, 18, 'Uva Gangodagama', '91054'),
	(1482, 18, 'Uva Kudaoya', '91298'),
	(1483, 18, 'Uva Pelwatta', '91112'),
	(1484, 18, 'Warunagama', '91198'),
	(1485, 18, 'Wedikumbura', '91005'),
	(1486, 18, 'Weherayaya Handapanagala', '91206'),
	(1487, 18, 'Wellawaya', '91200'),
	(1488, 18, 'Wilaoya', '91022'),
	(1489, 18, 'Yudaganawa', '51424'),
	(1490, 19, 'Mullativu', '42000'),
	(1491, 20, 'Agarapathana', '22094'),
	(1492, 20, 'Ambatalawa', '20686'),
	(1493, 20, 'Ambewela', '22216'),
	(1494, 20, 'Bogawantalawa', '22060'),
	(1495, 20, 'Bopattalawa', '22095'),
	(1496, 20, 'Dagampitiya', '20684'),
	(1497, 20, 'Dayagama Bazaar', '22096'),
	(1498, 20, 'Dikoya', '22050'),
	(1499, 20, 'Doragala', '20567'),
	(1500, 20, 'Dunukedeniya', '22002'),
	(1501, 20, 'Egodawela', '90013'),
	(1502, 20, 'Ekiriya', '20732'),
	(1503, 20, 'Elamulla', '20742'),
	(1504, 20, 'Ginigathena', '20680'),
	(1505, 20, 'Gonakele', '22226'),
	(1506, 20, 'Haggala', '22208'),
	(1507, 20, 'Halgranoya', '22240'),
	(1508, 20, 'Hangarapitiya', '22044'),
	(1509, 20, 'Hapugasthalawa', '20668'),
	(1510, 20, 'Harasbedda', '22262'),
	(1511, 20, 'Hatton', '22000'),
	(1512, 20, 'Hewaheta', '20440'),
	(1513, 20, 'Hitigegama', '22046'),
	(1514, 20, 'Jangulla', '90063'),
	(1515, 20, 'Kalaganwatta', '22282'),
	(1516, 20, 'Kandapola', '22220'),
	(1517, 20, 'Karandagolla', '20738'),
	(1518, 20, 'Keerthi Bandarapura', '22274'),
	(1519, 20, 'Kiribathkumbura', '20442'),
	(1520, 20, 'Kotiyagala', '91024'),
	(1521, 20, 'Kotmale', '20560'),
	(1522, 20, 'Kottellena', '22040'),
	(1523, 20, 'Kumbalgamuwa', '22272'),
	(1524, 20, 'Kumbukwela', '22246'),
	(1525, 20, 'Kurupanawela', '22252'),
	(1526, 20, 'Labukele', '20592'),
	(1527, 20, 'Laxapana', '22034'),
	(1528, 20, 'Lindula', '22090'),
	(1529, 20, 'Madulla', '22256'),
	(1530, 20, 'Mandaram Nuwara', '20744'),
	(1531, 20, 'Maskeliya', '22070'),
	(1532, 20, 'Maswela', '20566'),
	(1533, 20, 'Maturata', '20748'),
	(1534, 20, 'Mipanawa', '22254'),
	(1535, 20, 'Mipilimana', '22214'),
	(1536, 20, 'Morahenagama', '22036'),
	(1537, 20, 'Munwatta', '20752'),
	(1538, 20, 'Nayapana Janapadaya', '20568'),
	(1539, 20, 'Nildandahinna', '22280'),
	(1540, 20, 'Nissanka Uyana', '22075'),
	(1541, 20, 'Norwood', '22058'),
	(1542, 20, 'Nuwara Eliya', '22200'),
	(1543, 20, 'Padiyapelella', '20750'),
	(1544, 20, 'Pallebowala', '20734'),
	(1545, 20, 'Panvila', '20830'),
	(1546, 20, 'Pitawala', '20682'),
	(1547, 20, 'Pundaluoya', '22120'),
	(1548, 20, 'Ramboda', '20590'),
	(1549, 20, 'Rikillagaskada', '20730'),
	(1550, 20, 'Rozella', '22008'),
	(1551, 20, 'Rupaha', '22245'),
	(1552, 20, 'Ruwaneliya', '22212'),
	(1553, 20, 'Santhipura', '22202'),
	(1554, 20, 'Talawakele', '22100'),
	(1555, 20, 'Tawalantenna', '20838'),
	(1556, 20, 'Teripeha', '22287'),
	(1557, 20, 'Udamadura', '22285'),
	(1558, 20, 'Udapussallawa', '22250'),
	(1559, 20, 'Uva Deegalla', '90062'),
	(1560, 20, 'Uva Uduwara', '90061'),
	(1561, 20, 'Uvaparanagama', '90230'),
	(1562, 20, 'Walapane', '22270'),
	(1563, 20, 'Watawala', '22010'),
	(1564, 20, 'Widulipura', '22032'),
	(1565, 20, 'Wijebahukanda', '22018'),
	(1566, 21, 'Attanakadawala', '51235'),
	(1567, 21, 'Bakamuna', '51250'),
	(1568, 21, 'Diyabeduma', '51225'),
	(1569, 21, 'Elahera', '51258'),
	(1570, 21, 'Giritale', '51026'),
	(1571, 21, 'Hingurakdamana', '51408'),
	(1572, 21, 'Hingurakgoda', '51400'),
	(1573, 21, 'Jayanthipura', '51024'),
	(1574, 21, 'Kalingaela', '51002'),
	(1575, 21, 'Lakshauyana', '51006'),
	(1576, 21, 'Mankemi', '30442'),
	(1577, 21, 'Minneriya', '51410'),
	(1578, 21, 'Onegama', '51004'),
	(1579, 21, 'Orubendi Siyambalawa', '51256'),
	(1580, 21, 'Palugasdamana', '51046'),
	(1581, 21, 'Panichankemi', '30444'),
	(1582, 21, 'Polonnaruwa', '51000'),
	(1583, 21, 'Talpotha', '51044'),
	(1584, 21, 'Tambala', '51049'),
	(1585, 21, 'Unagalavehera', '51008'),
	(1586, 21, 'Wijayabapura', '51042'),
	(1587, 22, 'Adippala', '61012'),
	(1588, 22, 'Alutgama', '12080'),
	(1589, 22, 'Alutwewa', '51014'),
	(1590, 22, 'Ambakandawila', '61024'),
	(1591, 22, 'Anamaduwa', '61500'),
	(1592, 22, 'Andigama', '61508'),
	(1593, 22, 'Angunawila', '61264'),
	(1594, 22, 'Attawilluwa', '61328'),
	(1595, 22, 'Bangadeniya', '61238'),
	(1596, 22, 'Baranankattuwa', '61262'),
	(1597, 22, 'Battuluoya', '61246'),
	(1598, 22, 'Bujjampola', '61136'),
	(1599, 22, 'Chilaw', '61000'),
	(1600, 22, 'Dalukana', '51092'),
	(1601, 22, 'Dankotuwa', '61130'),
	(1602, 22, 'Dewagala', '51094'),
	(1603, 22, 'Dummalasuriya', '60260'),
	(1604, 22, 'Dunkannawa', '61192'),
	(1605, 22, 'Eluwankulama', '61308'),
	(1606, 22, 'Ettale', '61343'),
	(1607, 22, 'Galamuna', '51416'),
	(1608, 22, 'Galmuruwa', '61233'),
	(1609, 22, 'Hansayapalama', '51098'),
	(1610, 22, 'Ihala Kottaramulla', '61154'),
	(1611, 22, 'Ilippadeniya', '61018'),
	(1612, 22, 'Inginimitiya', '61514'),
	(1613, 22, 'Ismailpuram', '61302'),
	(1614, 22, 'Jayasiripura', '51246'),
	(1615, 22, 'Kakkapalliya', '61236'),
	(1616, 22, 'Kalkudah', '30410'),
	(1617, 22, 'Kalladiya', '61534'),
	(1618, 22, 'Kandakuliya', '61358'),
	(1619, 22, 'Karathivu', '61307'),
	(1620, 22, 'Karawitagara', '61022'),
	(1621, 22, 'Karuwalagaswewa', '61314'),
	(1622, 22, 'Katuneriya', '61180'),
	(1623, 22, 'Koswatta', '61158'),
	(1624, 22, 'Kottantivu', '61252'),
	(1625, 22, 'Kottapitiya', '51244'),
	(1626, 22, 'Kottukachchiya', '61532'),
	(1627, 22, 'Kumarakattuwa', '61032'),
	(1628, 22, 'Kurinjanpitiya', '61356'),
	(1629, 22, 'Kuruketiyawa', '61516'),
	(1630, 22, 'Lunuwila', '61150'),
	(1631, 22, 'Madampe', '61230'),
	(1632, 22, 'Madurankuliya', '61270'),
	(1633, 22, 'Mahakumbukkadawala', '61272'),
	(1634, 22, 'Mahauswewa', '61512'),
	(1635, 22, 'Mampitiya', '51090'),
	(1636, 22, 'Mampuri', '61341'),
	(1637, 22, 'Mangalaeliya', '61266'),
	(1638, 22, 'Marawila', '61210'),
	(1639, 22, 'Mudalakkuliya', '61506'),
	(1640, 22, 'Mugunuwatawana', '61014'),
	(1641, 22, 'Mukkutoduwawa', '61274'),
	(1642, 22, 'Mundel', '61250'),
	(1643, 22, 'Muttibendiwila', '61195'),
	(1644, 22, 'Nainamadama', '61120'),
	(1645, 22, 'Nalladarankattuwa', '61244'),
	(1646, 22, 'Nattandiya', '61190'),
	(1647, 22, 'Nawagattegama', '61520'),
	(1648, 22, 'Nelumwewa', '51096'),
	(1649, 22, 'Norachcholai', '61342'),
	(1650, 22, 'Pallama', '61040'),
	(1651, 22, 'Palliwasalturai', '61354'),
	(1652, 22, 'Panirendawa', '61234'),
	(1653, 22, 'Parakramasamudraya', '51016'),
	(1654, 22, 'Pothuwatawana', '61162'),
	(1655, 22, 'Puttalam', '61300'),
	(1656, 22, 'Puttalam Cement Factory', '61326'),
	(1657, 22, 'Rajakadaluwa', '61242'),
	(1658, 22, 'Saliyawewa Junction', '61324'),
	(1659, 22, 'Serukele', '61042'),
	(1660, 22, 'Siyambalagashene', '61504'),
	(1661, 22, 'Tabbowa', '61322'),
	(1662, 22, 'Talawila Church', '61344'),
	(1663, 22, 'Toduwawa', '61224'),
	(1664, 22, 'Udappuwa', '61004'),
	(1665, 22, 'Uridyawa', '61502'),
	(1666, 22, 'Vanathawilluwa', '61306'),
	(1667, 22, 'Waikkal', '61110'),
	(1668, 22, 'Watugahamulla', '61198'),
	(1669, 22, 'Wennappuwa', '61170'),
	(1670, 22, 'Wijeyakatupotha', '61006'),
	(1671, 22, 'Wilpotha', '61008'),
	(1672, 22, 'Yodaela', '51422'),
	(1673, 22, 'Yogiyana', '61144'),
	(1674, 23, 'Akarella', '70082'),
	(1675, 23, 'Amunumulla', '90204'),
	(1676, 23, 'Atakalanpanna', '70294'),
	(1677, 23, 'Ayagama', '70024'),
	(1678, 23, 'Balangoda', '70100'),
	(1679, 23, 'Batatota', '70504'),
	(1680, 23, 'Beralapanathara', '81541'),
	(1681, 23, 'Bogahakumbura', '90354'),
	(1682, 23, 'Bolthumbe', '70131'),
	(1683, 23, 'Bomluwageaina', '70344'),
	(1684, 23, 'Bowalagama', '82458'),
	(1685, 23, 'Bulutota', '70346'),
	(1686, 23, 'Dambuluwana', '70019'),
	(1687, 23, 'Daugala', '70455'),
	(1688, 23, 'Dela', '70042'),
	(1689, 23, 'Delwala', '70046'),
	(1690, 23, 'Dodampe', '70017'),
	(1691, 23, 'Doloswalakanda', '70404'),
	(1692, 23, 'Dumbara Manana', '70495'),
	(1693, 23, 'Eheliyagoda', '70600'),
	(1694, 23, 'Ekamutugama', '70254'),
	(1695, 23, 'Elapatha', '70032'),
	(1696, 23, 'Ellagawa', '70492'),
	(1697, 23, 'Ellaulla', '70552'),
	(1698, 23, 'Ellawala', '70606'),
	(1699, 23, 'Embilipitiya', '70200'),
	(1700, 23, 'Eratna', '70506'),
	(1701, 23, 'Erepola', '70602'),
	(1702, 23, 'Gabbela', '70156'),
	(1703, 23, 'Gangeyaya', '70195'),
	(1704, 23, 'Gawaragiriya', '70026'),
	(1705, 23, 'Gillimale', '70002'),
	(1706, 23, 'Godakawela', '70160'),
	(1707, 23, 'Gurubewilagama', '70136'),
	(1708, 23, 'Halwinna', '70171'),
	(1709, 23, 'Handagiriya', '70106'),
	(1710, 23, 'Hatangala', '70105'),
	(1711, 23, 'Hatarabage', '70108'),
	(1712, 23, 'Hewanakumbura', '90358'),
	(1713, 23, 'Hidellana', '70012'),
	(1714, 23, 'Hiramadagama', '70296'),
	(1715, 23, 'Horewelagoda', '82456'),
	(1716, 23, 'Ittakanda', '70342'),
	(1717, 23, 'Kahangama', '70016'),
	(1718, 23, 'Kahawatta', '70150'),
	(1719, 23, 'Kalawana', '70450'),
	(1720, 23, 'Kaltota', '70122'),
	(1721, 23, 'Kalubululanda', '90352'),
	(1722, 23, 'Kananke Bazaar', '80136'),
	(1723, 23, 'Kandepuhulpola', '90356'),
	(1724, 23, 'Karandana', '70488'),
	(1725, 23, 'Karangoda', '70018'),
	(1726, 23, 'Kella Junction', '70352'),
	(1727, 23, 'Keppetipola', '90350'),
	(1728, 23, 'Kiriella', '70480'),
	(1729, 23, 'Kiriibbanwewa', '70252'),
	(1730, 23, 'Kolambage Ara', '70180'),
	(1731, 23, 'Kolombugama', '70403'),
	(1732, 23, 'Kolonna', '70350'),
	(1733, 23, 'Kudawa', '70005'),
	(1734, 23, 'Kuruwita', '70500'),
	(1735, 23, 'Lellopitiya', '70056'),
	(1736, 23, 'Imaduwa', '80130'),
	(1737, 23, 'Imbulpe', '70134'),
	(1738, 23, 'Mahagama Colony', '70256'),
	(1739, 23, 'Mahawalatenna', '70112'),
	(1740, 23, 'Makandura', '70298'),
	(1741, 23, 'Malwala Junction', '70001'),
	(1742, 23, 'Malwatta', '32198'),
	(1743, 23, 'Matuwagalagama', '70482'),
	(1744, 23, 'Medagalature', '70021'),
	(1745, 23, 'Meddekanda', '70127'),
	(1746, 23, 'Minipura Dumbara', '70494'),
	(1747, 23, 'Mitipola', '70604'),
	(1748, 23, 'Moragala Kirillapone', '81532'),
	(1749, 23, 'Morahela', '70129'),
	(1750, 23, 'Mulendiyawala', '70212'),
	(1751, 23, 'Mulgama', '70117'),
	(1752, 23, 'Nawalakanda', '70469'),
	(1753, 23, 'Nawinnapinnakanda', '70165'),
	(1754, 23, 'Niralagama', '70038'),
	(1755, 23, 'Nivitigala', '70400'),
	(1756, 23, 'Omalpe', '70215'),
	(1757, 23, 'Opanayaka', '70080'),
	(1758, 23, 'Padalangala', '70230'),
	(1759, 23, 'Pallebedda', '70170'),
	(1760, 23, 'Pallekanda', '82454'),
	(1761, 23, 'Pambagolla', '70133'),
	(1762, 23, 'Panamura', '70218'),
	(1763, 23, 'Panapola', '70461'),
	(1764, 23, 'Paragala', '81474'),
	(1765, 23, 'Parakaduwa', '70550'),
	(1766, 23, 'Pebotuwa', '70045'),
	(1767, 23, 'Pelmadulla', '70070'),
	(1768, 23, 'Pinnawala', '70130'),
	(1769, 23, 'Pothdeniya', '81538'),
	(1770, 23, 'Rajawaka', '70116'),
	(1771, 23, 'Ranwala', '70162'),
	(1772, 23, 'Rassagala', '70135'),
	(1773, 23, 'Rathgama', '80260'),
	(1774, 23, 'Ratna Hangamuwa', '70036'),
	(1775, 23, 'Ratnapura', '70000'),
	(1776, 23, 'Sewanagala', '70250'),
	(1777, 23, 'Sri Palabaddala', '70004'),
	(1778, 23, 'Sudagala', '70502'),
	(1779, 23, 'Thalakolahinna', '70101'),
	(1780, 23, 'Thanjantenna', '70118'),
	(1781, 23, 'Theppanawa', '70512'),
	(1782, 23, 'Thunkama', '70205'),
	(1783, 23, 'Udakarawita', '70044'),
	(1784, 23, 'Udaniriella', '70034'),
	(1785, 23, 'Udawalawe', '70190'),
	(1786, 23, 'Ullinduwawa', '70345'),
	(1787, 23, 'Veddagala', '70459'),
	(1788, 23, 'Vijeriya', '70348'),
	(1789, 23, 'Waleboda', '70138'),
	(1790, 23, 'Watapotha', '70408'),
	(1791, 23, 'Waturawa', '70456'),
	(1792, 23, 'Weligepola', '70104'),
	(1793, 23, 'Welipathayaya', '70124'),
	(1794, 23, 'Wikiliya', '70114'),
	(1795, 24, 'Agbopura', '31304'),
	(1796, 24, 'Buckmigama', '31028'),
	(1797, 24, 'China Bay', '31050'),
	(1798, 24, 'Dehiwatte', '31226'),
	(1799, 24, 'Echchilampattai', '31236'),
	(1800, 24, 'Galmetiyawa', '31318'),
	(1801, 24, 'Gomarankadawala', '31026'),
	(1802, 24, 'Kaddaiparichchan', '31212'),
	(1803, 24, 'Kallar', '30250'),
	(1804, 24, 'Kanniya', '31032'),
	(1805, 24, 'Kantalai', '31300'),
	(1806, 24, 'Kantalai Sugar Factory', '31306'),
	(1807, 24, 'Kiliveddy', '31220'),
	(1808, 24, 'Kinniya', '31100'),
	(1809, 24, 'Kuchchaveli', '31014'),
	(1810, 24, 'Kumburupiddy', '31012'),
	(1811, 24, 'Kurinchakemy', '31112'),
	(1812, 24, 'Lankapatuna', '31234'),
	(1813, 24, 'Mahadivulwewa', '31036'),
	(1814, 24, 'Maharugiramam', '31106'),
	(1815, 24, 'Mallikativu', '31224'),
	(1816, 24, 'Mawadichenai', '31238'),
	(1817, 24, 'Mullipothana', '31312'),
	(1818, 24, 'Mutur', '31200'),
	(1819, 24, 'Neelapola', '31228'),
	(1820, 24, 'Nilaveli', '31010'),
	(1821, 24, 'Pankulam', '31034'),
	(1822, 24, 'Pulmoddai', '50567'),
	(1823, 24, 'Rottawewa', '31038'),
	(1824, 24, 'Sampaltivu', '31006'),
	(1825, 24, 'Sampoor', '31216'),
	(1826, 24, 'Serunuwara', '31232'),
	(1827, 24, 'Seruwila', '31260'),
	(1828, 24, 'Sirajnagar', '31314'),
	(1829, 24, 'Somapura', '31222'),
	(1830, 24, 'Tampalakamam', '31046'),
	(1831, 24, 'Thuraineelavanai', '30254'),
	(1832, 24, 'Tiriyayi', '31016'),
	(1833, 24, 'Toppur', '31250'),
	(1834, 24, 'Trincomalee', '31000'),
	(1835, 24, 'Wanela', '31308'),
	(1836, 25, 'Vavuniya', '43000'),
	(1837, 5, 'Colombo 1', '100'),
	(1838, 5, 'Colombo 3', '300'),
	(1839, 5, 'Colombo 4', '400'),
	(1840, 5, 'Colombo 5', '500'),
	(1841, 5, 'Colombo 7', '700'),
	(1842, 5, 'Colombo 9', '900'),
	(1843, 5, 'Colombo 10', '1000'),
	(1844, 5, 'Colombo 11', '1100'),
	(1845, 5, 'Colombo 12', '1200'),
	(1846, 5, 'Colombo 14', '1400');

-- Dumping structure for table microtek.customer
DROP TABLE IF EXISTS `customer`;
CREATE TABLE IF NOT EXISTS `customer` (
  `id` int(11) NOT NULL AUTO_INCREMENT,
  `username` text,
  `fname` text,
  `lname` text,
  `mobile` varchar(10) DEFAULT NULL,
  `email` text,
  `image` text,
  `password` text,
  `created_on` datetime DEFAULT NULL,
  `fcm_token` text,
  PRIMARY KEY (`id`)
) ENGINE=InnoDB AUTO_INCREMENT=10 DEFAULT CHARSET=utf8;

-- Dumping data for table microtek.customer: ~5 rows (approximately)
REPLACE INTO `customer` (`id`, `username`, `fname`, `lname`, `mobile`, `email`, `image`, `password`, `created_on`, `fcm_token`) VALUES
	(4, 'lakshannv', 'Lakshan', 'NV', '0772351295', 'lakshannv@gmail.com', 'lakshannv-1665665162071', '123', '2020-06-14 13:26:13', 'fMh11rv3QfG5E2-CAxg9Wr:APA91bE6Rmdmvl66LIFJzbJE0D2oVT5cw_Imem7bYwqxePKyoezR8PX6Iw7Z4PQLAX3ToFpr_VSq_kcTi2smZyOxX01gWVKdpNt1jUL4JspR12ILCZfus3a0RJ_oi5om3PhhDbOeBcSJ'),
	(5, 'kalana', 'Kalaneris', 'Galpatha', '0112224448', 'pasindukalana@yahoo.com', 'kalana-1592137038508', '123', '2020-06-14 13:26:14', 'cHm9LubbTee1lbFJ4a4L8J:APA91bHMqVH5OSLeUDD_54grkRzEC7d4859yGu8zS9cCbrtpQ_dCmQ5DFr1Lwb72vws5C2SgJMYaG6QNRaYI6wE_sKcduRL5nqKBAaDDXuEYph8Wvnf1_JQyC-5bLRpL6P7zHwNY9jer'),
	(7, 'sahan', 'Sahan', 'Maduka', '0112224448', 'sahan@gmail.com', 'sahan-1592135896842', '123', '2020-06-27 13:26:16', 'fMh11rv3QfG5E2-CAxg9Wr:APA91bE6Rmdmvl66LIFJzbJE0D2oVT5cw_Imem7bYwqxePKyoezR8PX6Iw7Z4PQLAX3ToFpr_VSq_kcTi2smZyOxX01gWVKdpNt1jUL4JspR12ILCZfus3a0RJ_oi5om3PhhDbOeBcSJ'),
	(8, 'ricardo', 'Ricardo', 'Milos', '0772351295', 'ricardo@gmail.com', 'ricardo-1595933251025', '123', '2020-07-28 16:17:31', NULL),
	(9, 'anoma', 'Anoma', 'De Silva', '0718191282', 'anomanavarathne1962@gmail.com', 'anoma-1615311333987', '123', '2021-03-02 22:16:44', 'fMh11rv3QfG5E2-CAxg9Wr:APA91bE6Rmdmvl66LIFJzbJE0D2oVT5cw_Imem7bYwqxePKyoezR8PX6Iw7Z4PQLAX3ToFpr_VSq_kcTi2smZyOxX01gWVKdpNt1jUL4JspR12ILCZfus3a0RJ_oi5om3PhhDbOeBcSJ');

-- Dumping structure for table microtek.customer_has_address
DROP TABLE IF EXISTS `customer_has_address`;
CREATE TABLE IF NOT EXISTS `customer_has_address` (
  `customer_id` int(11) NOT NULL,
  `shipping_address_id` int(11) NOT NULL,
  PRIMARY KEY (`customer_id`,`shipping_address_id`),
  KEY `FK_customer_has_address_shipping_address` (`shipping_address_id`),
  CONSTRAINT `FK_customer_has_address_customer` FOREIGN KEY (`customer_id`) REFERENCES `customer` (`id`),
  CONSTRAINT `FK_customer_has_address_shipping_address` FOREIGN KEY (`shipping_address_id`) REFERENCES `shipping_address` (`id`)
) ENGINE=InnoDB DEFAULT CHARSET=utf8;

-- Dumping data for table microtek.customer_has_address: ~18 rows (approximately)
REPLACE INTO `customer_has_address` (`customer_id`, `shipping_address_id`) VALUES
	(4, 3),
	(5, 4),
	(4, 5),
	(4, 6),
	(4, 7),
	(4, 8),
	(4, 9),
	(4, 11),
	(4, 12),
	(7, 14),
	(7, 15),
	(8, 19),
	(8, 20),
	(9, 21),
	(9, 22),
	(9, 23),
	(9, 24),
	(4, 27);

-- Dumping structure for table microtek.district
DROP TABLE IF EXISTS `district`;
CREATE TABLE IF NOT EXISTS `district` (
  `id` int(11) NOT NULL AUTO_INCREMENT,
  `province_id` int(2) NOT NULL,
  `name` varchar(45) DEFAULT NULL,
  `delivery_fee` double DEFAULT NULL,
  `active` tinyint(4) DEFAULT '1',
  PRIMARY KEY (`id`),
  KEY `provinces_id` (`province_id`),
  CONSTRAINT `FK_district_province` FOREIGN KEY (`province_id`) REFERENCES `province` (`id`)
) ENGINE=InnoDB AUTO_INCREMENT=26 DEFAULT CHARSET=utf8;

-- Dumping data for table microtek.district: ~25 rows (approximately)
REPLACE INTO `district` (`id`, `province_id`, `name`, `delivery_fee`, `active`) VALUES
	(1, 6, 'Ampara', 855, 1),
	(2, 8, 'Anuradhapura', 720, 1),
	(3, 7, 'Badulla', 640, 1),
	(4, 6, 'Batticaloa', 520, 1),
	(5, 1, 'Colombo', 200, 1),
	(6, 3, 'Galle', 820, 1),
	(7, 1, 'Gampaha', 520, 1),
	(8, 3, 'Hambantota', 870, 1),
	(9, 9, 'Jaffna', 420, 1),
	(10, 1, 'Kalutara', 250, 1),
	(11, 2, 'Kandy', 450, 1),
	(12, 5, 'Kegalle', 290, 1),
	(13, 9, 'Kilinochchi', 920, 1),
	(14, 4, 'Kurunegala', 520, 1),
	(15, 9, 'Mannar', 720, 1),
	(16, 2, 'Matale', 620, 1),
	(17, 3, 'Matara', 820, 1),
	(18, 7, 'Monaragala', 750, 1),
	(19, 9, 'Mullaitivu', 1020, 1),
	(20, 2, 'Nuwara Eliya', 500, 1),
	(21, 8, 'Polonnaruwa', 620, 1),
	(22, 4, 'Puttalam', 910, 1),
	(23, 5, 'Ratnapura', 450, 1),
	(24, 6, 'Trincomalee', 820, 1),
	(25, 9, 'Vavuniya', 980, 1);

-- Dumping structure for table microtek.invoice
DROP TABLE IF EXISTS `invoice`;
CREATE TABLE IF NOT EXISTS `invoice` (
  `id` int(11) NOT NULL AUTO_INCREMENT,
  `customer_id` int(11) NOT NULL,
  `delivery_method` tinyint(4) DEFAULT NULL,
  `del_fee` double DEFAULT NULL,
  `address` text,
  `city_id` int(11) NOT NULL,
  `billing_address` text,
  `billing_city_id` int(11) DEFAULT '0',
  `created_on` datetime DEFAULT NULL,
  `last_changed_on` datetime DEFAULT NULL,
  `order_status` tinyint(4) DEFAULT NULL,
  PRIMARY KEY (`id`),
  KEY `fk_invoice_customer1_idx` (`customer_id`),
  KEY `fk_invoice_city1_idx` (`city_id`),
  CONSTRAINT `fk_invoice_city1` FOREIGN KEY (`city_id`) REFERENCES `city` (`id`) ON DELETE NO ACTION ON UPDATE NO ACTION,
  CONSTRAINT `fk_invoice_customer1` FOREIGN KEY (`customer_id`) REFERENCES `customer` (`id`) ON DELETE NO ACTION ON UPDATE NO ACTION
) ENGINE=InnoDB AUTO_INCREMENT=115 DEFAULT CHARSET=utf8;

-- Dumping data for table microtek.invoice: ~50 rows (approximately)
REPLACE INTO `invoice` (`id`, `customer_id`, `delivery_method`, `del_fee`, `address`, `city_id`, `billing_address`, `billing_city_id`, `created_on`, `last_changed_on`, `order_status`) VALUES
	(18, 4, 1, 500, 'No 21/A, Boralugoda Rd', 1469, NULL, 0, '2021-03-01 18:30:48', '2020-06-10 21:05:06', 1),
	(21, 4, 1, 400, 'No 21/A, Boralugoda Rd', 655, NULL, 0, '2021-03-02 18:30:49', '2020-06-04 23:57:37', 1),
	(22, 5, 0, 320, 'No 21/A, Boralugoda Rd', 1491, NULL, 0, '2021-03-03 18:30:50', '2020-06-05 00:10:07', 3),
	(33, 4, 1, 200, 'No 21/A, Boralugoda Rd', 1491, NULL, 0, '2021-02-28 21:30:51', '2020-06-05 01:06:22', 3),
	(34, 4, 0, 320, 'No 21/A, Boralugoda Rd', 1365, NULL, 0, '2020-02-27 18:30:51', '2020-06-05 11:57:14', 2),
	(37, 4, 1, 540, 'No 21/A, Boralugoda Rd', 1491, NULL, 0, '2020-02-26 18:30:52', '2020-06-05 15:02:17', 2),
	(38, 4, 0, 230, 'No 21/A, Boralugoda Rd', 1795, NULL, 0, '2020-06-11 18:30:53', '2020-06-05 15:13:08', 1),
	(39, 4, 1, 530, 'No 21/A, Boralugoda Rd', 378, NULL, 0, '2020-06-11 18:30:53', '2020-06-05 15:33:22', 0),
	(40, 4, 1, 440, 'No 21/A, Boralugoda Rd', 173, NULL, 0, '2020-06-11 18:30:54', '2020-06-05 15:39:07', 1),
	(41, 4, 1, 200, 'No 21/A, Boralugoda Rd', 464, NULL, 0, '2020-06-11 18:30:55', '2020-06-05 15:44:59', 1),
	(42, 4, 1, 250, 'No 21/A, Boralugoda Rd', 656, NULL, 0, '2020-06-11 18:30:56', '2020-06-05 16:14:17', 1),
	(43, 4, 1, 400, 'No 21/A, Boralugoda Rd', 500, NULL, 0, '2020-06-20 18:30:57', '2020-06-05 17:04:42', 1),
	(44, 4, 1, 420, 'No 21/A, Boralugoda Rd', 377, NULL, 0, '2020-06-20 18:30:58', '2020-06-05 17:09:06', 1),
	(45, 4, 1, 400, 'No 21/A, Boralugoda Rd', 87, NULL, 0, '2020-06-21 18:30:58', '2020-06-05 17:13:53', 1),
	(46, 4, 1, 230, 'No 21/A, Boralugoda Rd', 780, NULL, 0, '2020-06-22 18:30:59', '2020-06-05 17:15:16', 1),
	(47, 4, 1, 250, 'No 21/A, Boralugoda Rd', 675, NULL, 0, '2020-06-23 18:30:59', '2020-06-05 18:03:16', 1),
	(48, 4, 1, 500, 'No 21/A, Boralugoda Rd', 780, NULL, 0, '2020-06-23 18:31:00', '2020-06-18 22:06:53', 1),
	(49, 4, 0, 240, 'No 21/A, Boralugoda Rd', 1430, NULL, 0, '2020-06-23 18:31:01', '2020-06-05 18:19:45', 1),
	(51, 4, 0, 250, 'No 21/A, Boralugoda Rd', 1587, NULL, 0, '2020-06-24 19:31:02', '2020-06-05 22:56:49', 3),
	(54, 4, 0, 200, 'No 21/A, Boralugoda Rd', 1283, NULL, 0, '2020-07-01 01:04:30', '2020-06-26 14:43:02', 2),
	(55, 4, 1, 500, 'No 21/A, Boralugoda Rd', 381, NULL, 0, '2020-07-01 01:10:29', '2020-06-18 19:26:19', 2),
	(56, 4, 0, 340, 'No 21/A, Boralugoda Rd', 455, NULL, 0, '2020-07-04 01:07:20', '2020-06-27 19:26:18', 2),
	(57, 4, 0, 200, 'No 21/A, Boralugoda Rd', 1025, NULL, 0, '2020-07-08 01:18:08', '2020-06-27 19:26:18', 2),
	(66, 4, 1, 520, 'No 21/A, Boralugoda Rd', 1796, NULL, 0, '2020-07-10 16:27:23', '2020-06-27 16:27:23', 1),
	(67, 4, 1, 300, 'No 21/A, Boralugoda Rd', 190, NULL, 0, '2020-07-18 21:51:50', '2020-06-27 21:51:50', 1),
	(68, 4, 0, 0, 'No 21/A, Boralugoda Rd', 199, NULL, 0, '2020-07-18 21:57:18', '2020-06-27 21:57:18', 1),
	(69, 4, 1, 250, 'No 21/A, Boralugoda Rd', 888, NULL, 0, '2020-07-19 23:24:04', '2020-06-28 00:24:04', 1),
	(70, 4, 1, 400, 'No 21/A, Boralugoda Rd', 888, NULL, 0, '2020-07-20 00:28:18', '2020-06-28 00:28:18', 1),
	(72, 4, 0, 0, 'No 21/A, Boralugoda Rd', 88, NULL, 0, '2021-03-08 23:28:06', '2021-03-08 23:28:06', 1),
	(73, 4, 1, 250, 'No 21/A, Boralugoda Rd', 89, NULL, 0, '2020-07-21 13:38:04', '2021-03-16 15:23:38', 1),
	(75, 4, 1, 720, 'No 53, "Thusitha"', 88, NULL, 0, '2020-07-21 22:18:01', '2020-07-16 22:29:52', 3),
	(76, 4, 1, 200, 'No 22/A, Reed Avenue', 1841, NULL, 0, '2020-07-22 22:21:08', '2020-07-16 22:29:52', 2),
	(77, 5, 0, 0, 'No 21/A, Boralugoda Rd', 367, NULL, 0, '2020-07-23 20:06:47', '2020-07-24 13:12:26', 2),
	(78, 5, 1, 200, 'No 21/A, Boralugoda Rd', 367, NULL, 0, '2020-07-24 20:17:00', '2020-07-17 20:17:00', 1),
	(79, 4, 0, 0, 'No 22/A, Reed Avenue', 1841, NULL, 0, '2020-07-25 11:13:30', '2020-07-29 07:24:31', 3),
	(81, 4, 1, 200, 'No 22/A, Reed Avenue', 1841, NULL, 0, '2021-03-13 15:13:16', '2020-07-25 15:15:01', 3),
	(84, 4, 0, 0, 'No 33, KD Rd', 1028, 'No 25/A, Silva Street', 801, '2021-03-13 23:02:20', '2020-07-27 23:02:20', 0),
	(85, 8, 0, 0, 'No 22/A, Samagi Avenue', 660, 'Java Institute', 1840, '2021-03-15 16:30:25', '2020-07-28 16:35:31', 3),
	(87, 7, 1, 200, 'No 53, Serukana Rd', 367, NULL, 0, '2021-03-11 13:55:29', '2021-03-16 15:22:42', 1),
	(96, 4, 1, 200, 'No 22/A, Reed Avenue', 1841, NULL, 0, '2021-03-12 22:18:40', '2021-03-16 15:23:08', 2),
	(104, 4, 1, 720, 'No 53, "Thusitha"', 88, NULL, 0, '2021-03-13 09:31:31', '2021-03-16 14:10:13', 3),
	(105, 4, 1, 200, 'No 22/A, Reed Avenue', 1841, NULL, 0, '2021-03-17 12:17:53', '2021-03-17 12:17:53', 1),
	(106, 4, 0, 0, 'No 22/A, Reed Avenue', 1841, NULL, 0, '2021-03-14 21:17:11', '2021-03-16 16:57:34', 1),
	(107, 4, 1, 200, 'No 22/A, Reed Avenue', 1841, NULL, 0, '2021-03-15 12:02:05', '2021-03-17 09:34:43', 2),
	(108, 4, 1, 200, 'No 22/A, Reed Avenue', 1841, NULL, 0, '2021-03-17 12:14:06', '2021-03-17 12:14:06', 1),
	(109, 9, 1, 870, 'No 32/B', 591, NULL, 0, '2021-03-17 13:32:12', '2021-03-17 13:33:31', 2),
	(110, 9, 0, 0, 'No 32/B', 591, NULL, 0, '2021-03-17 14:08:10', '2021-03-17 14:08:10', 0),
	(111, 4, 1, 720, 'No 53, "Thusitha"', 88, NULL, 0, '2021-03-17 16:32:36', '2021-03-17 16:34:01', 2),
	(112, 4, 1, 200, 'No 22/A, Reed Avenue', 1841, NULL, 0, '2021-03-17 17:34:39', '2021-03-17 20:30:10', 2),
	(113, 4, 1, 520, 'No 68/A', 479, NULL, 0, '2021-03-18 10:45:49', '2021-03-18 10:50:39', 3);

-- Dumping structure for table microtek.invoice_item
DROP TABLE IF EXISTS `invoice_item`;
CREATE TABLE IF NOT EXISTS `invoice_item` (
  `invoice_id` int(11) NOT NULL,
  `stock_id` int(11) NOT NULL,
  `discount` double DEFAULT '0',
  `qty` int(11) DEFAULT NULL,
  PRIMARY KEY (`invoice_id`,`stock_id`),
  KEY `fk_invoice_has_stock_stock1_idx` (`stock_id`),
  KEY `fk_invoice_has_stock_invoice1_idx` (`invoice_id`),
  CONSTRAINT `fk_invoice_has_stock_invoice1` FOREIGN KEY (`invoice_id`) REFERENCES `invoice` (`id`) ON DELETE NO ACTION ON UPDATE NO ACTION,
  CONSTRAINT `fk_invoice_has_stock_stock1` FOREIGN KEY (`stock_id`) REFERENCES `stock` (`id`) ON DELETE NO ACTION ON UPDATE NO ACTION
) ENGINE=InnoDB DEFAULT CHARSET=utf8;

-- Dumping data for table microtek.invoice_item: ~85 rows (approximately)
REPLACE INTO `invoice_item` (`invoice_id`, `stock_id`, `discount`, `qty`) VALUES
	(18, 4, 0, 1),
	(21, 7, 0, 1),
	(22, 1, 0, 1),
	(22, 17, 0, 1),
	(22, 21, 0, 1),
	(33, 3, 23, 1),
	(33, 18, 0, 1),
	(33, 22, 0, 4),
	(34, 21, 0, 1),
	(37, 1, 0, 1),
	(37, 17, 0, 1),
	(37, 21, 0, 1),
	(38, 1, 0, 1),
	(38, 21, 0, 1),
	(39, 22, 8, 1),
	(40, 22, 0, 1),
	(41, 4, 0, 1),
	(42, 1, 0, 1),
	(43, 7, 0, 1),
	(44, 18, 0, 1),
	(45, 7, 0, 1),
	(46, 22, 0, 1),
	(47, 7, 0, 1),
	(47, 18, 0, 1),
	(48, 7, 0, 1),
	(49, 7, 0, 1),
	(51, 22, 14, 1),
	(54, 22, 4, 1),
	(55, 3, 10, 1),
	(56, 3, 10, 1),
	(56, 21, 0, 1),
	(56, 28, 4, 1),
	(57, 22, 8, 1),
	(66, 29, 0, 1),
	(66, 30, 0, 1),
	(67, 26, 2, 1),
	(67, 30, 0, 1),
	(68, 29, 0, 1),
	(69, 30, 0, 1),
	(70, 28, 0, 1),
	(72, 17, 0, 1),
	(73, 30, 0, 1),
	(75, 7, 0, 1),
	(76, 30, 0, 1),
	(77, 31, 0, 1),
	(77, 32, 0, 1),
	(77, 33, 0, 1),
	(77, 34, 0, 1),
	(77, 35, 2, 1),
	(77, 36, 0, 1),
	(77, 37, 0, 1),
	(77, 38, 0, 1),
	(77, 39, 0, 1),
	(77, 40, 0, 1),
	(78, 40, 0, 2),
	(79, 28, 0, 1),
	(79, 30, 0, 1),
	(79, 40, 0, 1),
	(79, 41, 0, 1),
	(81, 17, 0, 1),
	(81, 53, 0, 1),
	(81, 54, 0, 2),
	(84, 3, 12, 2),
	(84, 28, 0, 1),
	(84, 29, 0, 1),
	(84, 54, 0, 5),
	(85, 3, 12, 1),
	(87, 32, 0, 5),
	(96, 7, 0, 1),
	(96, 47, 0, 2),
	(104, 34, 0, 1),
	(104, 44, 0, 1),
	(105, 40, 0, 2),
	(106, 39, 0, 1),
	(107, 49, 0, 1),
	(108, 43, 0, 1),
	(109, 55, 0, 1),
	(110, 52, 0, 1),
	(110, 55, 0, 1),
	(111, 23, 0, 1),
	(111, 42, 0, 2),
	(112, 45, 0, 1),
	(112, 55, 0, 1),
	(113, 48, 0, 1),
	(113, 55, 0, 1);

-- Dumping structure for table microtek.product
DROP TABLE IF EXISTS `product`;
CREATE TABLE IF NOT EXISTS `product` (
  `id` int(11) NOT NULL AUTO_INCREMENT,
  `category_id` int(11) NOT NULL,
  `brand_id` int(11) NOT NULL,
  `name` text,
  `description` text,
  PRIMARY KEY (`id`),
  KEY `fk_product_category_idx` (`category_id`),
  KEY `fk_product_brand1_idx` (`brand_id`),
  CONSTRAINT `fk_product_brand1` FOREIGN KEY (`brand_id`) REFERENCES `brand` (`id`) ON DELETE NO ACTION ON UPDATE NO ACTION,
  CONSTRAINT `fk_product_category` FOREIGN KEY (`category_id`) REFERENCES `category` (`id`) ON DELETE NO ACTION ON UPDATE NO ACTION
) ENGINE=InnoDB AUTO_INCREMENT=52 DEFAULT CHARSET=utf8;

-- Dumping data for table microtek.product: ~40 rows (approximately)
REPLACE INTO `product` (`id`, `category_id`, `brand_id`, `name`, `description`) VALUES
	(1, 2, 5, 'Ryzen 9 3900X', 'Blur the line between elite gaming performance and workstation-class content creation with the most advanced desktop processors in the world.'),
	(3, 1, 1, 'GeForce RTX 2070 Super', 'The EVGA GeForce RTX 20-Series Graphics Cards are powered by the all-new NVIDIA Turing architecture to give you incredible new levels of gaming realism, speed, power efficiency, and immersion. With the EVGA GeForce RTX 20-Series gaming cards you get the best gaming experience with next generation graphics performance, ice cold cooling, and advanced overclocking features with the all new EVGA Precision X1 software.'),
	(4, 2, 5, 'Ryzen 5 3600', '3rd Gen AMD Ryzen processors are built using the world\'s most advanced 7nm manufacturing technology. Paired with Wraith coolers, AMD Ryzen processors deliver game-winning performance while keeping your system astonishingly cool and quiet. Ryzen processors neural-net intelligence can adapt to your workload. That\'s the advantage you gain when you own the world\'s most advanced processor for gaming.'),
	(7, 3, 6, 'X570 MPG Gaming Pro Carbon', 'MSI motherboards been designed with tons of smart features for convenient setup and usage, such as pin-header keep out zone, friendly SATA & USB location and multiple cooling solutions, so DIY users can pick and choose any gaming rig they want.'),
	(15, 7, 7, 'Nitro VG271U Pbmiipx', 'In competitive gaming, every frame matters. Introducing Acer\'s VG271U gaming monitor the WQHD (2560 x 1440) resolution monitor that can keep up with your game play. Through AMD Radeon technology, the games frame rate is determined by your graphics card, not the fixed refresh rate of the monitor, giving you a serious competitive edge. Plus, users can enjoy comfortable viewing experience while gaming via flicker-less, low dimming and ComfyView display. The design saves space on your desk and lets you place multiple monitors side by side to build a seamless big-screen display.'),
	(16, 3, 8, 'B450M DS3H', 'AMD introduces the latest Ryzen 2000 series processors to provide the computing power for gaming need. GIGABYTE\'s 400 series motherboards perfectly fit the latest AMD Ryzen 2000 series processors\' computing performance with more features and more control. Users can enjoy the benefits brought by AMD Ryzen 2000 series processors.'),
	(17, 3, 6, 'Z390 MPG Gaming Pro Carbon', 'MSI motherboards feature tons of convenient and smart design, such as convenient pin-header keep out zone, friendly SATA & USB location and so on, so DIY users can pick and choose any gaming rig they want.'),
	(18, 5, 2, '970 EVO Plus 1 TB SSD', 'Accelerate into next-gen computing. The Samsung 970 EVO delivers breakthrough speeds and best-in-class reliability. The latest V-NAND, new Phoenix controller, and Intelligent TurboWrite technology enhance high-end gaming and 4K & 3D graphic editing. Samsung\'s innovative technology empowers you with the capacity to do more and accomplish more.'),
	(19, 2, 9, 'Core i9 9900K', 'Introducing the NEW 9th Gen Intel Core desktop processors the first unlocked mainstream desktop processor. When paired with Intel Optane memory, accelerates the loading and launching of the games you play. With up to 5GHz and 16-way multitasking, take your creativity to the next level with the power you need to create, edit, and share.'),
	(20, 4, 3, 'Vengeance LPX 16GB DDR4', 'Vengeance LPX memory is designed for high-performance overclocking. The heatspreader is made of pure aluminum for faster heat dissipation, and the eight-layer PCB helps manage heat and provides superior overclocking headroom. Each IC is individually screened for performance potential.'),
	(21, 1, 10, 'GeForce RTX 2080 Ti ROG Strix', 'Experience Turing Triple Threat with ROG STRIX RTX 2080TI O11G. The ROG STRIX RTX 2080TI O11G features a new cutting edge cooling shroud for multi card configurations and small chassis, Dual-Ball Bearing Fan with IP5X Dust resistance, and easy overclocking and monitoring with the intuitive GPU Tweak II software.'),
	(22, 1, 1, 'GeForce GTX 1650 Super', 'The EVGA GeForce GTX 16-Series Graphics Cards are powered by the all-new NVIDIA Turing architecture to give you incredible new levels of gaming realism, speed, power efficiency, and immersion. With the EVGA GeForce GTX 16-Series gaming cards you get the best gaming experience with next generation graphics performance, ice cold cooling, and advanced overclocking features with the all new EVGA Precision X1 software.'),
	(23, 1, 10, 'Radeon RX 5700 XT ROG Strix', '1440p is the new sweet spot for mainstream gaming, and the ROG Strix Radeon RX 5700 XT is armed to dominate the category. Components on the surface of the PCB are precisely soldered with Auto-Extreme Technology and the GPU chip is cooled using MaxContact and a beefy heatsink. On top, three fans leverage our new Axial-tech design, which surpasses our own industry-leading fans from the last generation. In-between those layers are a myriad of additional features like 0dB mode, IP5X dust resistance, a reinforced frame, and more.'),
	(24, 2, 9, 'Core i7 10700', '10th Gen Intel Core i7-10700 desktop processor. Features Intel Turbo Boost Max Technology 3.0. Built for the everyday desktop user; this processor delivers amazing performance for everything from enthusiast gaming and creation to productivity Thermal solution NOT included in the box. ONLY compatible with 400 series chipset based motherboard.'),
	(25, 14, 10, 'BW-16D1HT 16x SATA', 'ASUS BW-16D1HT is a powerful and energy-saving Blu-ray writer which is capable of writing from 16X BD format.Its M-Disc compatibility allows consumers store their priceless photos or documents for more than 1,000 years, and along with BDXL Support, the maximum data storage is 128GB in one disc. Suitable for anyone who desires a total storage and data backup solution.'),
	(26, 14, 11, 'BP60NB10 Slim Portable', 'Enjoy UHD quality movies with LG BP60NB10 at home. This Ultra Slim Portable Blu-ray/ DVD Writer features a 6X BD-R write speed. and M-DISC support. Simply plug in and record up to 100GB of files, photos, or business documents onto a BDXL (triplelayer) disc. With Blu-ray, DVD and CD burning capabilities, the BP60NB10 gives you the option to choose the media best suited for each task.'),
	(27, 14, 10, 'SDRW-08D2S-U External DVD Burner', 'ASUS BW-16D1HT is a powerful and energy-saving Blu-ray writer which is capable of writing from 16X BD format.Its M-Disc compatibility allows consumers store their priceless photos or documents for more than 1,000 years, and along with BDXL Support, the maximum data storage is 128GB in one disc. Suitable for anyone who desires a total storage and data backup solution.'),
	(28, 4, 12, 'Impact 16GB DDR3 Laptop Memory Kit', 'HyperX HX318LS11IBK2/16 is a kit of two 1G x 64-bit (8GB) DDR3L-1866 CL11 SDRAM (Synchronous DRAM) 2Rx8, low voltage, memory modules, based on sixteen 512M x 8-bit DDR3 FBGA components per module.'),
	(29, 4, 13, 'Ballistix 32GB DDR4-2666 Laptop Memory Kit', 'Crucial Ballistix SODIMM memory is ideal for laptop gamers and performance enthusiasts. Anodized Aluminum heat spreader included for thermal management in a compact space.'),
	(30, 6, 15, 'X300 4TB SATA HDD', 'Toshibas X300 Desktop internal hard drives provide a convenient and reliable way to upgrade every major brand of desktop computer. We combine our reliable hard drive technology with a Serial ATA interface for increased performance, capacity and compatibility. Compatible with every major brand of Serial ATA enabled desktop computer, our hard drives use state of the art Perpendicular Magnetic Recording (PMR) technology, Native Command Queuing (NCQ) and TMR Head Recording technology for increased capacity, reliability and performance.'),
	(31, 6, 14, 'IronWolf Pro 16TB NAS HDD', 'Designed for use in 1-16 bay NAS environments within commercial and enterprise settings, the 16TB IronWolf Pro 7200 rpm SATA III 3.5" Internal NAS HDD from Seagate is built to withstand 24/7 operation, or 8760 hours per year. This 16TB drive has been equipped with a SATA III 6 Gb/s interface, a rotational speed of 7200 rpm, a 3.5" form factor, and a 256MB cache, providing users with ample storage capacity with data transfer speeds of up to 250 MB/s. The IronWolf Pro also has an MTBF rating of 1.2 million hours, a workload rate of up to 300TB per year, and an annualized failure rate (AFR) of 0.73%. Seagate includes a limited 2-year Data Recovery Service that helps you retrieve damaged data in the event of a mechanical error, accident, or natural disaster, and overall protection is provided by a limited 5-year warranty.'),
	(32, 8, 3, 'Obsidian 1000D eATX Full Tower', 'The CORSAIR Obsidian Series 1000D is the ultimate super-tower PC case with iconic tempered glass design, smart lighting and fan control and the ability to house two systems simultaneously for the most epic builds.'),
	(33, 8, 10, 'TUF Gaming GT501 eATX Mid-Tower', 'Build your battlestation with the TUF Gaming GT501 Case featuring seven drive bays, USB 3.0 front panel, vertical GPU support and magnetic dust filters. Stay cool in battle with numerous cooling options including room for seven 120mm fans, two 360mm radiators, or custom water cooling with pre-drilled mounting holes.'),
	(34, 2, 9, 'Core i9 10900K', '10th Gen Intel Core i9-10900K unlocked desktop processor. Featuring Intel Turbo Boost Max Technology 3.0, unlocked 10th Gen Intel Core desktop processors are optimized for enthusiast gamers and serious creators and help deliver high performance overclocking for an added boost. Thermal solution NOT included in the box. ONLY compatible with 400 series chipset based motherboard.'),
	(35, 10, 17, 'Huntsman Elite RGB', 'The Razer Huntsman elite introduces the new Razer Opto-Mechanical Switch, Utilizing optical technology for unmatched speed, and a keystabalizer bar so every key press is precise and accurate. Combined with a new switch design, its the first clicky switch that actuates and resets at the exact same point for rapid performance. The keyboard also features a proframmable digital dial for quick access to functions. Personalize settings with hybrid on-board memory and cloud storage. Comes with an ergonomic wrist rest for long-lasting comfort.'),
	(36, 10, 16, 'G915 Wireless Tactile Keyboard', 'G915 LIGHTSPEED wireless delivers pro-grade performance with flexibility and freedom from cords. With next-gen RGB lighting you can synchronize your RGB lighting with any content. Personalize each key or create custom animations from 16.8M colors with Logitech G HUB software. Low Profile mechanical switches offer the speed, accuracy, and performance of a mechanical switch at half the height. The GL Tactile switch produces a discernible bump at the point of actuation. Beautifully crafted, the G915 uses aircraft-grade aluminum alloy to deliver incredibly thin but rigid and durable design. Enjoy 30 hours of game time on a single charge. Low battery warnings at 15% on the keyboard battery LED and via pop-up notification in the Logitech G HUB software. Quickly recharges in 3 hours.'),
	(37, 10, 16, 'MK270 Wireless Keyboard', 'Logitech Advanced 2.4 GHz wireless gives you a fast, reliable connection up to 10 meters away with virtually no delays or dropouts. You can take the sleek mouse anywhere you take your computerthanks to its comfortable size and the tiny nano-receiver. A 24-month keyboard and 12-month mouse battery lifeplus on/off switchesmean you can go for months without the hassle of changing batteries.'),
	(38, 10, 16, 'MK550 Wireless Wave Keyboard', 'With a Comfort Wave Design keyboard, a contoured laser mouse, and batteries that last, this wireless combo gives you a comfort curve without the learning curveat home or at the office.'),
	(39, 11, 16, 'G305 Wireless Optical Gaming Mouse', 'Play without limits thanks to this Logitech G305 wireless mouse. The ultra-fast response time delivers tiny twitches in as little as 1 ms, and the next-generation Logitech G HERO optical sensor produces competition-level accuracy. This Logitech G305 wireless mouse is extremely light at 99 g, and built-in storage lets you stow the wireless sensor safely for transport.'),
	(40, 11, 3, 'M65 ELITE FPS Gaming Mouse', 'The CORSAIR M65 RGB ELITE is CORSAIRs most advanced FPS gaming mouse yet, built around a premium aluminumframe for proven durability that will last through a lifetime of gaming. A state-of-the-art precision 18,000 DPI optical sensor, customizable in single DPI steps, provides personalized precision to match your play style, while a tunable weight system allows you to adjust the weight from as little as 97g to 115g. Loaded with extras, including onboard profile storage, multizone RGB lighting, a dedicated sniper button, and fully programmable with CORSAIR iCUE software, its time to join the ELITE.'),
	(41, 11, 3, 'M65 RGB ELITE FPS Gaming Mouse', 'Improve your aim with this CORSAIR M65 RGB Elite gaming mouse. Featuring an advanced 12,000 dpi optical sensor, this mouse offers pro-grade precision tracking on nearly any surface for improved accuracy in a variety of games. This CORSAIR M65 RGB Elite gaming mouse lets you customize your experience with three adjustable weight-tuning zones.'),
	(42, 11, 3, 'G502 HERO Gaming Mouse', 'G502 HERO features an advanced optical sensor for maximum tracking accuracy: customizable RGB lighting: custom game profiles: from 200 up to 16:000 DPI: and repositionable weights. Feature Benefits HERO Sensor Next generation HERO sensor delivers precision tracking up to 16:000 DPI with zero smoothing: filtering: or acceleration. 11 Programmable Buttons 11 programmable buttons and dual-mode hyper-fast scroll wheel give you fully customizable control over your gameplay.'),
	(43, 12, 3, 'RM750x 750W 80 Plus Gold ATX Fully Modular Power Supply', 'Corsair RMx series power supplies give you extremely tight voltage control, quiet operation, Gold-certified efficiency, and a fully modular cable set. Built with all Japanese 105C capacitors, theyre a great choice for high performance PCs where reliability is essential. 80 PLUS Gold efficiency reduces operating cost and excess heat, and Zero RPM fan mode ensures virtual silence at low and medium loads. And, the fully modular DC cables make builds and upgrades easy, with clean, great-looking results.'),
	(44, 12, 3, 'CX650M 650W 80 Plus Bronze ATX Semi-Modular Power Supply', 'CX Series Modular power supply units are an excellent choice for basic system builds and desktop PC computer upgrades, offering high reliability, low noise, and the flexibility of modular cabling.'),
	(45, 12, 1, '750 BQ 750W 80 Plus Bronze Semi-Modular ATX Power Supply', 'ntroducing the next generation in value; the EVGA BQ Series. These power supplies take some of the best features from EVGA\'s award winning power supply lineup, like a 140mm fan with near silent operation and modular cables to make one of the best values today in high performance power supplies.'),
	(46, 13, 10, 'XONAR SE 5.1 Channel PCIe Sound Card', 'Xonar SE is a PCIe gaming sound card built with high-quality components to satisfy gamers who demand exceptional sound for the best gaming and multimedia experiences. Xonar SE delivers 5.1-channel, 192kHz/24-bit hi-res audio output with a high 116dB signal-to-noise ratio (SNR), and comes with a built-in 300ohm headphone amplifier that provides rich, detailed sound and defined bass.'),
	(47, 13, 18, 'XONAR SE 5.1 Channel PCIe Sound Card', 'Xonar SE is a PCIe gaming sound card built with high-quality components to satisfy gamers who demand exceptional sound for the best gaming and multimedia experiences. Xonar SE delivers 5.1-channel, 192kHz/24-bit hi-res audio output with a high 116dB signal-to-noise ratio (SNR), and comes with a built-in 300ohm headphone amplifier that provides rich, detailed sound and defined bass.'),
	(48, 5, 2, '970 Pro 1TB SSD', 'Experience the best. For intensive workloads on PCs and workstations, the 970 PRO delivers ultimate performance powered by Samsung\'s NVMe SSD leadership. The latest V-NAND technology and new Phoenix controller in a compact M.2 (2280) form factor meets the needs of the most demanding tech enthusiasts and professionals.'),
	(49, 5, 14, 'Firecuda 520 2TB M.2 PCIe Gen 4 NVMe SSD', 'Seagate FireCuda 520 SSD with PCIe Gen4 ???4 interface is our fastest solid state drive - nearly 45% faster sequential reads/writes than the previous generation. It provides plug-and-play compatibility with all PCIe 4.0 motherboards, and delivers an extreme boost in performance with the latest 3D TLC NAND technology. Upgrading to the FireCuda 520 unlocks Gen4 speed and supplies up to 9??? faster sequential reads than SATA SSDs.'),
	(51, 7, 20, '27G2 1080p 144Hz IPS LED Gaming Monitor', 'The 27G2 completes your gaming experience with a beautiful IPS panel, NVIDIA G-SYNC Compatible + Adaptive-Sync, and a narrow border design offering minimal bezel distraction for optimal game play. This monitor allows you to play your favorite games at a fast 144Hz refresh rate and a 1ms response time. Playing games while encapsulated by world class colors will make your gaming experience truly unforgettable.');

-- Dumping structure for table microtek.product_has_spec
DROP TABLE IF EXISTS `product_has_spec`;
CREATE TABLE IF NOT EXISTS `product_has_spec` (
  `product_id` int(11) NOT NULL,
  `spec_id` int(11) NOT NULL,
  `spec_value` varchar(45) DEFAULT NULL,
  PRIMARY KEY (`product_id`,`spec_id`),
  KEY `fk_product_has_spec_spec1_idx` (`spec_id`),
  KEY `fk_product_has_spec_product1_idx` (`product_id`),
  CONSTRAINT `fk_product_has_spec_product1` FOREIGN KEY (`product_id`) REFERENCES `product` (`id`) ON DELETE NO ACTION ON UPDATE NO ACTION,
  CONSTRAINT `fk_product_has_spec_spec1` FOREIGN KEY (`spec_id`) REFERENCES `spec` (`id`) ON DELETE NO ACTION ON UPDATE NO ACTION
) ENGINE=InnoDB DEFAULT CHARSET=utf8;

-- Dumping data for table microtek.product_has_spec: ~525 rows (approximately)
REPLACE INTO `product_has_spec` (`product_id`, `spec_id`, `spec_value`) VALUES
	(1, 3, 'Desktop'),
	(1, 4, 'Yes'),
	(1, 5, 'Matisse'),
	(1, 6, '3.8'),
	(1, 7, '4.6'),
	(1, 8, '12'),
	(1, 9, '24'),
	(1, 10, 'AM4'),
	(1, 11, 'Yes'),
	(1, 12, '6'),
	(1, 13, '64'),
	(1, 14, '105'),
	(1, 15, '7'),
	(1, 17, 'DDR4 3200 MHz'),
	(1, 94, '2'),
	(1, 95, '4.0'),
	(3, 1, 'NVIDIA'),
	(3, 2, 'Yes'),
	(3, 19, '400'),
	(3, 20, '1770'),
	(3, 21, '7680 x 4320'),
	(3, 22, '8'),
	(3, 23, 'GDDR6'),
	(3, 24, '256-bit'),
	(3, 25, 'Black'),
	(3, 26, 'OpenGL 4.5'),
	(3, 27, 'DirectX 12'),
	(3, 28, 'Black'),
	(3, 29, '448'),
	(3, 30, 'NVidia SLI &  NVlink'),
	(3, 32, 'HDCP 2.2'),
	(3, 33, 'Yes'),
	(3, 34, 'Fan'),
	(3, 35, '1'),
	(3, 36, '3 x DisplayPort 1.4'),
	(3, 37, 'Dual Slot'),
	(3, 38, 'PCIe 3.0 x16'),
	(3, 39, '1 x 6-pin, 1 x 8-pin'),
	(3, 144, '650'),
	(4, 3, 'Desktop'),
	(4, 4, 'Yes'),
	(4, 5, 'Matisse'),
	(4, 6, '3.6'),
	(4, 7, '4.2'),
	(4, 8, '6'),
	(4, 9, '12'),
	(4, 10, 'AM4'),
	(4, 11, 'Yes'),
	(4, 12, '3'),
	(4, 13, '32'),
	(4, 14, '65'),
	(4, 15, '7'),
	(4, 17, 'DDR4 3200 MHz'),
	(4, 94, '2'),
	(7, 55, 'ATX'),
	(7, 57, 'AM4'),
	(7, 58, 'Ryzen'),
	(7, 59, '128'),
	(7, 60, '32'),
	(7, 61, 'DDR4'),
	(7, 62, 'Dual Channel'),
	(7, 63, '4 x 288pin DIMM'),
	(7, 64, 'AMD X570'),
	(7, 65, 'Requires CPU with Integrated Graphics'),
	(7, 66, '2-Way CrossFire'),
	(7, 67, '2242 2260 2280 22110'),
	(7, 68, 'RAID 0 RAID 1 RAID 10'),
	(7, 69, 'ALC1220-VB'),
	(7, 70, '7.1'),
	(7, 71, 'Onboard WiFi'),
	(7, 72, 'Realtek RTL8111H'),
	(7, 73, '1000'),
	(7, 74, 'Intel AC-3168'),
	(7, 75, '2'),
	(7, 77, '1 x HDMI 1.4'),
	(7, 78, '1 x 24-pin ATX'),
	(7, 121, '24-pin ATX'),
	(15, 100, 'Black'),
	(15, 101, 'IPS'),
	(15, 102, '144'),
	(15, 103, '1'),
	(15, 104, '2560 x 1440'),
	(15, 105, 'AMD FreeSync'),
	(15, 106, '178 horizontal / 178 vertical viewing angles'),
	(15, 108, 'DCI-P3 95 %'),
	(15, 109, '1.07 Billion'),
	(15, 110, 'Anti-Glare'),
	(15, 111, '27'),
	(15, 112, 'IPS'),
	(15, 114, '0.233mm'),
	(15, 115, '400'),
	(15, 116, '1000:1'),
	(15, 117, '2 x 2 Watt Speakers'),
	(15, 118, 'AC 100-240V (50/60Hz)'),
	(15, 119, '30'),
	(15, 120, '5.31'),
	(16, 55, 'ATX'),
	(16, 56, '128MB AMI UEFI Bios'),
	(16, 57, 'AM4'),
	(16, 58, 'Ryzen'),
	(16, 59, '64'),
	(16, 60, '16'),
	(16, 61, 'DDR4'),
	(16, 62, 'Dual Channel'),
	(16, 63, '4 x 288pin DIMM'),
	(16, 64, 'AMD B450'),
	(16, 65, 'Requires CPU with Integrated Graphics'),
	(16, 66, 'Quad CrossfireX'),
	(16, 67, '2242 2260 2280 22110'),
	(16, 68, 'RAID 0 RAID 1 RAID 10'),
	(16, 69, 'Realtek ALC887'),
	(16, 70, '7.1'),
	(16, 72, 'Realtek GbE LAN'),
	(16, 73, '1000'),
	(16, 76, '1'),
	(16, 77, 'DVI-D HDMI 1.4'),
	(16, 78, '1 x 24-pin ATX'),
	(16, 121, '24-pin ATX'),
	(17, 55, 'ATX'),
	(17, 56, 'AMI UEFI BIOS'),
	(17, 57, 'LGA 1151'),
	(17, 58, 'Intel'),
	(17, 59, '64'),
	(17, 60, '16'),
	(17, 61, 'DDR4'),
	(17, 62, 'Dual Channel'),
	(17, 63, '4 x 288pin DIMM'),
	(17, 64, 'Intel Z390'),
	(17, 65, 'Requires CPU with Integrated Graphics'),
	(17, 66, '2-Way SLI & 3-Way CrossFire'),
	(17, 67, '2242 2260 2280 22110'),
	(17, 68, 'RAID 0 RAID 1 RAID 5 RAID 10'),
	(17, 69, 'Realtek ALC1220-VB2'),
	(17, 70, '7.1'),
	(17, 72, 'Intel I219V'),
	(17, 73, '1000'),
	(17, 76, '3'),
	(17, 77, 'DisplayPort 1.2 HDMI 1.4'),
	(17, 78, '1 x 24-pin ATX'),
	(17, 121, '24-pin ATX'),
	(18, 123, '1 TB'),
	(18, 124, '600'),
	(18, 125, '3500'),
	(18, 126, '3300'),
	(18, 127, '600,000'),
	(18, 128, '550,000'),
	(18, 129, 'PCIe Gen 3 x 4'),
	(18, 130, 'Samsung Phoenix'),
	(18, 131, 'M.2 2280'),
	(18, 132, 'MLC V-NAND'),
	(18, 133, '0 - 70'),
	(18, 134, '8'),
	(19, 3, 'Desktop'),
	(19, 4, 'Yes'),
	(19, 5, 'Coffee Lake'),
	(19, 6, '3.6'),
	(19, 7, '5.0'),
	(19, 8, '8'),
	(19, 9, '16'),
	(19, 10, 'LGA 1151'),
	(19, 11, 'Yes'),
	(19, 12, '6'),
	(19, 13, '64'),
	(19, 14, '95'),
	(19, 15, '14'),
	(19, 16, 'Intel UHD Graphics 630'),
	(19, 17, 'DDR4 2266 MHz'),
	(19, 94, '2'),
	(19, 95, '3.0'),
	(20, 135, 'DDR4'),
	(20, 136, '288-pin'),
	(20, 137, '3200'),
	(20, 138, '16'),
	(20, 139, 'Dual'),
	(20, 140, '2'),
	(20, 141, '1.35'),
	(20, 142, 'Non-ECC'),
	(20, 143, 'Aluminum Heat Spreader'),
	(21, 1, 'NVIDIA'),
	(21, 2, 'Yes'),
	(21, 19, '1350'),
	(21, 20, '1665'),
	(21, 21, '7680 x 4320'),
	(21, 22, '11'),
	(21, 23, 'GDDR6'),
	(21, 24, '352-bit'),
	(21, 25, 'Black'),
	(21, 26, 'OpenGL 4.5'),
	(21, 27, 'DirectX 12'),
	(21, 28, 'Black'),
	(21, 30, 'NVidia SLI &  NVlink'),
	(21, 31, '4'),
	(21, 32, 'Yes'),
	(21, 33, 'Yes'),
	(21, 34, 'Fan'),
	(21, 35, '2'),
	(21, 36, '2 x DisplayPort'),
	(21, 37, 'Triple Slot'),
	(21, 38, 'PCIe 3.0 x16'),
	(21, 39, '2 x 8-pin'),
	(21, 144, '650'),
	(22, 1, 'NVIDIA'),
	(22, 2, 'Yes'),
	(22, 19, '400'),
	(22, 20, '1755'),
	(22, 21, '7680 x 4320'),
	(22, 22, '4'),
	(22, 23, 'GDDR6'),
	(22, 24, '128-bit'),
	(22, 25, 'Gray'),
	(22, 26, 'OpenGL 4.6'),
	(22, 27, 'DirectX 12'),
	(22, 28, 'Black'),
	(22, 29, '192'),
	(22, 30, 'None'),
	(22, 31, '3'),
	(22, 32, 'Yes'),
	(22, 33, 'Yes'),
	(22, 34, 'Fan'),
	(22, 35, '1'),
	(22, 36, '1 x DisplayPort 1.4'),
	(22, 37, 'Dual Slot'),
	(22, 38, 'PCIe 3.0 x16'),
	(22, 39, '1 x 6-pin'),
	(22, 144, '350'),
	(23, 1, 'AMD'),
	(23, 2, 'Yes'),
	(23, 19, '1770'),
	(23, 20, '2010'),
	(23, 21, '7680 x 4320'),
	(23, 22, '8'),
	(23, 23, 'GDDR6'),
	(23, 24, '256-bit'),
	(23, 25, 'Black'),
	(23, 26, 'OpenGL 4.6'),
	(23, 27, 'DirectX 12'),
	(23, 28, 'Black'),
	(23, 30, 'AMD CrossFire'),
	(23, 31, '4'),
	(23, 32, 'Yes'),
	(23, 33, 'Yes'),
	(23, 34, 'Fan'),
	(23, 35, '1'),
	(23, 36, '3 x DisplayPort 1.4'),
	(23, 37, 'Dual Slot'),
	(23, 38, 'PCIe 4.0 x16'),
	(23, 39, '2 x 8-pin'),
	(23, 144, '600'),
	(24, 3, 'Desktop'),
	(24, 4, 'Yes'),
	(24, 5, 'Comet Lake'),
	(24, 6, '2.9'),
	(24, 7, '4.8'),
	(24, 8, '8'),
	(24, 9, '16'),
	(24, 10, 'LGA 1200'),
	(24, 11, 'Yes'),
	(24, 13, '16'),
	(24, 14, '65'),
	(24, 15, '14'),
	(24, 16, 'Intel UHD Graphics 630'),
	(24, 17, 'DDR4 2933 MHz'),
	(24, 94, '2'),
	(24, 95, '3.0'),
	(25, 145, 'Blu-ray Drive'),
	(25, 146, 'Black'),
	(25, 147, 'SATA'),
	(25, 149, '48'),
	(25, 150, '16'),
	(25, 151, '16'),
	(25, 152, '180'),
	(25, 153, '160'),
	(25, 154, '150'),
	(25, 155, '714'),
	(26, 145, 'Blu-ray Burner'),
	(26, 146, 'Black'),
	(26, 147, 'USB 2.0 (Type-A)'),
	(26, 148, 'Front Auto-Loading Tray'),
	(26, 149, '6'),
	(26, 150, '8'),
	(26, 151, '10'),
	(26, 155, '272'),
	(27, 145, 'DVD Burner'),
	(27, 146, 'Black'),
	(27, 147, 'USB 2.0 (Type-A)'),
	(27, 148, 'Front Tray Loading'),
	(27, 149, '8'),
	(27, 150, '24'),
	(27, 151, '24'),
	(27, 155, '313'),
	(28, 135, 'DDR3 (Laptop)'),
	(28, 136, '204-pin SO-DIMM'),
	(28, 137, '1866'),
	(28, 138, '16'),
	(28, 139, 'Dual'),
	(28, 140, '2'),
	(28, 141, '1.35'),
	(28, 142, 'Non-ECC'),
	(29, 135, 'DDR4 (Laptop)'),
	(29, 136, '260-pin SO-DIMM'),
	(29, 137, '2666'),
	(29, 138, '32'),
	(29, 139, 'Dual'),
	(29, 140, '2'),
	(29, 141, '1.2'),
	(29, 142, 'Non-ECC'),
	(30, 156, 'Desktop'),
	(30, 157, '4 TB'),
	(30, 158, '3.5"'),
	(30, 159, 'SATA 3.0'),
	(30, 160, '128'),
	(30, 161, '7200'),
	(30, 162, '4.17'),
	(30, 163, '750'),
	(30, 166, '720'),
	(31, 156, 'Network Attached Storage (NAS)'),
	(31, 157, '16 TB'),
	(31, 158, '3.5"'),
	(31, 159, 'SATA 3.0'),
	(31, 160, '256'),
	(31, 161, '7200'),
	(31, 162, '4.1'),
	(31, 163, '250'),
	(31, 164, '5 - 60'),
	(31, 165, '40 - 70'),
	(31, 166, '714'),
	(32, 167, 'Full Tower'),
	(32, 168, 'Black'),
	(32, 169, 'Steel/Aluminum/Glass'),
	(32, 170, 'Steel'),
	(32, 171, 'ATX/mATX/eATX/mini ITX'),
	(32, 172, 'Yes'),
	(32, 173, '5'),
	(32, 174, '6'),
	(32, 175, '8'),
	(32, 176, 'Yes'),
	(33, 167, 'Mid-Tower'),
	(33, 168, 'Black'),
	(33, 169, 'Steel/Plastic/Glass'),
	(33, 170, 'Steel'),
	(33, 171, 'ATX/mATX/eATX/mini ITX'),
	(33, 172, 'Yes'),
	(33, 173, '4'),
	(33, 174, '3'),
	(33, 175, '9'),
	(33, 176, 'Yes'),
	(34, 3, 'Desktop'),
	(34, 4, 'Yes'),
	(34, 5, 'Comet Lake'),
	(34, 6, '3.7'),
	(34, 7, '5.3'),
	(34, 8, '10'),
	(34, 9, '20'),
	(34, 10, 'LGA 1200'),
	(34, 11, 'Yes'),
	(34, 13, '125'),
	(34, 14, '125'),
	(34, 15, '14'),
	(34, 16, 'Intel UHD Graphics 630'),
	(34, 17, 'DDR4 2933 MHz'),
	(34, 94, '2'),
	(34, 95, '3.0'),
	(35, 41, 'Gaming'),
	(35, 177, 'Wired'),
	(35, 178, 'USB'),
	(35, 179, 'RGB Illuminated'),
	(35, 180, '104'),
	(35, 181, '12'),
	(35, 182, 'Black'),
	(36, 41, 'Gaming'),
	(36, 177, 'Wireless'),
	(36, 178, 'Bluetooth'),
	(36, 179, 'RGB Illuminated'),
	(36, 180, '121'),
	(36, 181, '12'),
	(36, 182, 'Black'),
	(37, 41, 'Standard'),
	(37, 177, 'Wireless'),
	(37, 178, 'USB'),
	(37, 179, 'No Back Light'),
	(37, 181, '8'),
	(37, 182, 'Black'),
	(38, 41, 'Ergonomic'),
	(38, 177, 'Wireless'),
	(38, 178, 'USB'),
	(38, 179, 'No Back Light'),
	(38, 180, '112'),
	(38, 181, '12'),
	(38, 182, 'Black'),
	(39, 183, 'RF Wireless'),
	(39, 184, 'USB'),
	(39, 185, 'Palm'),
	(39, 186, '12000'),
	(39, 187, 'Right'),
	(39, 188, 'White'),
	(39, 189, 'Blue'),
	(39, 190, 'Optical'),
	(39, 191, '200 - 12000'),
	(39, 192, '6'),
	(39, 193, 'Optical'),
	(40, 183, 'Wired'),
	(40, 184, 'USB'),
	(40, 185, 'Claw'),
	(40, 186, '18000'),
	(40, 187, 'Right'),
	(40, 188, 'Black'),
	(40, 189, 'RGB Illuminated'),
	(40, 190, 'Pixart PWM3391 Optical Sensor'),
	(40, 191, '100 - 18000'),
	(40, 192, '8'),
	(40, 193, 'Optical'),
	(41, 183, 'Wired'),
	(41, 184, 'USB'),
	(41, 185, 'Claw'),
	(41, 186, '18000'),
	(41, 187, 'Right'),
	(41, 188, 'White'),
	(41, 189, 'RGB Illuminated'),
	(41, 190, 'Pixart PWM3391 Optical Sensor'),
	(41, 191, '100 - 18000'),
	(41, 192, '8'),
	(41, 193, 'Optical'),
	(42, 183, 'Wired'),
	(42, 184, 'USB'),
	(42, 185, 'Tip'),
	(42, 186, '16000'),
	(42, 187, 'Right'),
	(42, 188, 'Black'),
	(42, 189, 'RGB Illuminated'),
	(42, 190, 'Logitech HERO'),
	(42, 191, '100 - 16000'),
	(42, 192, '11'),
	(42, 193, 'Optical'),
	(43, 194, '750'),
	(43, 195, '80 PLUS Gold Certified'),
	(43, 196, 'ATX'),
	(43, 197, 'Metal'),
	(43, 198, 'Black'),
	(43, 199, 'Fully Modular Cable Design'),
	(43, 200, 'Fully-Modular'),
	(43, 201, '7'),
	(43, 202, '8'),
	(43, 203, '7'),
	(43, 204, '80'),
	(43, 205, 'AC 100V/240V'),
	(43, 206, '47Hz - 63Hz'),
	(43, 207, '10A @ 100VAC / 5A @ 240VAC'),
	(44, 194, '650'),
	(44, 195, '80 PLUS Bronze Certified'),
	(44, 196, 'ATX'),
	(44, 197, 'Steel'),
	(44, 198, 'Black'),
	(44, 199, 'Semi Modular'),
	(44, 200, 'Semi-Modular'),
	(44, 201, '3'),
	(44, 202, '6'),
	(44, 203, '1'),
	(44, 204, '80'),
	(44, 205, 'AC 100V/240V'),
	(44, 206, '47Hz - 63Hz'),
	(44, 207, '11A @ 100VAC / 5A @ 240VAC'),
	(45, 194, '750'),
	(45, 195, '80 PLUS Bronze Certified'),
	(45, 196, 'ATX'),
	(45, 197, 'Metal'),
	(45, 198, 'Black'),
	(45, 199, 'Black Mesh Cable Sleeves'),
	(45, 200, 'Semi-Modular'),
	(45, 201, '5'),
	(45, 202, '9'),
	(45, 203, '1'),
	(45, 204, '85'),
	(45, 205, '100V/240V'),
	(45, 206, '50Hz - 60Hz'),
	(45, 207, '10A Max'),
	(46, 50, '5.1 Surround Sound'),
	(46, 51, '116'),
	(46, 52, '192'),
	(46, 53, '192'),
	(46, 54, 'PCIe'),
	(47, 50, '7.1 Surround Sound'),
	(47, 51, '127'),
	(47, 52, '96'),
	(47, 53, '96'),
	(47, 54, 'PCIe'),
	(48, 123, '1 TB'),
	(48, 125, '3500'),
	(48, 126, '2700'),
	(48, 127, '500,000'),
	(48, 128, '500,000'),
	(48, 129, 'PCIe Gen 3 x 4'),
	(48, 130, 'Samsung Phoenix'),
	(48, 131, 'M.2 2280 M Key'),
	(48, 132, '3D V-NAND Flash'),
	(48, 133, '0 - 70'),
	(49, 123, '2 TB'),
	(49, 124, '3,600'),
	(49, 125, '5000'),
	(49, 126, '4400'),
	(49, 127, '750,000'),
	(49, 128, '700,000'),
	(49, 129, 'PCIe Gen 4 x 4'),
	(49, 130, 'Phison PS5016-E16'),
	(49, 131, 'M.2 2280 M Key'),
	(49, 132, '3D TLC NAND'),
	(49, 133, '0 - 70'),
	(51, 100, 'Black'),
	(51, 101, 'IPS'),
	(51, 102, '144'),
	(51, 103, '1'),
	(51, 104, '1920 x 1080'),
	(51, 105, 'AMD FreeSync, G-Sync Compatible'),
	(51, 106, '150 horizontal / 135 vertical'),
	(51, 107, '8-Bit'),
	(51, 108, 'Adobe RGB 88 %'),
	(51, 109, 'Adobe RGB'),
	(51, 110, '3H'),
	(51, 112, 'IPS'),
	(51, 113, '16:9'),
	(51, 114, '0.3114mm'),
	(51, 115, '250'),
	(51, 116, '1,000:1'),
	(51, 118, '100 to 240 VAC (50/60 Hz)'),
	(51, 119, '28'),
	(51, 120, '5.1');

-- Dumping structure for table microtek.product_image
DROP TABLE IF EXISTS `product_image`;
CREATE TABLE IF NOT EXISTS `product_image` (
  `product_id` int(11) NOT NULL,
  `image` varchar(45) NOT NULL,
  PRIMARY KEY (`product_id`,`image`),
  KEY `fk_product_image_product1_idx` (`product_id`),
  CONSTRAINT `fk_product_image_product1` FOREIGN KEY (`product_id`) REFERENCES `product` (`id`) ON DELETE NO ACTION ON UPDATE NO ACTION
) ENGINE=InnoDB DEFAULT CHARSET=utf8;

-- Dumping data for table microtek.product_image: ~136 rows (approximately)
REPLACE INTO `product_image` (`product_id`, `image`) VALUES
	(1, '1-f1-1589436620712'),
	(1, '1-f2-1589436620721'),
	(3, '3-f1-1589265563283'),
	(3, '3-f2-1589265563300'),
	(3, '3-f3-1589265563301'),
	(3, '3-f4-1589265563302'),
	(4, '4-f1-1589265799262'),
	(4, '4-f2-1589265799264'),
	(4, '4-f3-1589265799265'),
	(4, '4-f4-1589284548105'),
	(7, '7-f1-1589283743931'),
	(7, '7-f2-1589283743941'),
	(7, '7-f3-1589283743942'),
	(7, '7-f4-1589281011425'),
	(15, '15-f1-1589357803365'),
	(15, '15-f2-1589357803366'),
	(15, '15-f3-1589357803367'),
	(16, '16-f1-1589650030407'),
	(16, '16-f2-1589609705685'),
	(16, '16-f3-1589609705686'),
	(16, '16-f4-1589609705687'),
	(17, '17-f1-1589725211249'),
	(17, '17-f2-1589725211251'),
	(17, '17-f3-1589725211252'),
	(17, '17-f4-1589725211253'),
	(18, '18-f1-1591298857778'),
	(18, '18-f2-1591298857779'),
	(18, '18-f3-1591298857780'),
	(19, '19-f1-1592152005306'),
	(19, '19-f2-1592152005307'),
	(19, '19-f3-1592152005308'),
	(19, '19-f4-1592152005308'),
	(20, '20-f1-1592808363718'),
	(20, '20-f2-1592808363719'),
	(21, '21-f1-1593189117728'),
	(21, '21-f2-1593189117729'),
	(21, '21-f3-1593189117730'),
	(21, '21-f4-1593189117731'),
	(22, '22-f1-1593189909091'),
	(22, '22-f2-1593189909092'),
	(22, '22-f3-1593189909093'),
	(22, '22-f4-1593189909096'),
	(23, '23-f1-1593190713802'),
	(23, '23-f2-1593190713803'),
	(23, '23-f3-1593190713803'),
	(23, '23-f4-1593190713804'),
	(24, '24-f1-1594980286349'),
	(24, '24-f2-1594980286350'),
	(24, '24-f3-1594980286350'),
	(24, '24-f4-1594980286350'),
	(25, '25-f1-1594989221547'),
	(25, '25-f2-1594989221548'),
	(26, '26-f1-1594990109408'),
	(26, '26-f2-1594990109409'),
	(27, '27-f1-1594990674505'),
	(27, '27-f2-1594990674506'),
	(27, '27-f3-1594990674506'),
	(28, '28-f1-1594991447817'),
	(28, '28-f2-1594991447817'),
	(28, '28-f3-1594991447818'),
	(29, '29-f1-1594992041707'),
	(29, '29-f2-1594992041707'),
	(29, '29-f3-1594992041708'),
	(30, '30-f1-1594993410522'),
	(30, '30-f2-1594993410523'),
	(30, '30-f3-1594993410524'),
	(30, '30-f4-1594993410525'),
	(31, '31-f1-1594993897650'),
	(31, '31-f2-1594993897651'),
	(31, '31-f3-1594993897652'),
	(32, '32-f1-1594994990760'),
	(32, '32-f2-1594994990762'),
	(32, '32-f3-1594994990763'),
	(32, '32-f4-1594994990764'),
	(33, '33-f1-1594995470014'),
	(33, '33-f2-1594995470015'),
	(33, '33-f3-1594995470016'),
	(33, '33-f4-1594995470017'),
	(34, '34-f1-1595071364234'),
	(34, '34-f2-1595071364235'),
	(34, '34-f3-1595071364236'),
	(35, '35-f1-1595607297857'),
	(35, '35-f2-1595607297858'),
	(35, '35-f3-1595607297859'),
	(35, '35-f4-1595607297860'),
	(36, '36-f1-1595607596702'),
	(36, '36-f2-1595607596703'),
	(36, '36-f3-1595607596704'),
	(37, '37-f1-1595607755756'),
	(38, '38-f1-1595608286692'),
	(38, '38-f2-1595608286693'),
	(39, '39-f1-1595609404278'),
	(39, '39-f2-1595609404279'),
	(39, '39-f3-1595609404280'),
	(39, '39-f4-1595609404280'),
	(40, '40-f1-1595609654214'),
	(40, '40-f2-1595609654215'),
	(40, '40-f3-1595609654216'),
	(40, '40-f4-1595609654217'),
	(41, '41-f1-1595609898929'),
	(41, '41-f2-1595609898929'),
	(41, '41-f3-1595609898930'),
	(41, '41-f4-1595609898931'),
	(42, '42-f1-1595610098605'),
	(42, '42-f2-1595610098606'),
	(42, '42-f3-1595610098607'),
	(42, '42-f4-1595610098608'),
	(43, '43-f1-1595616142214'),
	(43, '43-f2-1595616142215'),
	(43, '43-f3-1595616142217'),
	(43, '43-f4-1595616142218'),
	(44, '44-f1-1595616428073'),
	(44, '44-f2-1595616428074'),
	(44, '44-f3-1595616428074'),
	(44, '44-f4-1595616428075'),
	(45, '45-f1-1595616703844'),
	(45, '45-f2-1595616703845'),
	(45, '45-f3-1595616703845'),
	(45, '45-f4-1595616703846'),
	(46, '46-f1-1595617765539'),
	(46, '46-f2-1595617765540'),
	(46, '46-f3-1595617765540'),
	(47, '47-f1-1595617978353'),
	(47, '47-f2-1595617978354'),
	(47, '47-f3-1595617978355'),
	(47, '47-f4-1595617978356'),
	(48, '48-f1-1595935833197'),
	(48, '48-f2-1595935833198'),
	(48, '48-f3-1595935833198'),
	(48, '48-f4-1595935833199'),
	(49, '49-f1-1595936166681'),
	(49, '49-f2-1595936166682'),
	(51, '51-f1-1665665032709'),
	(51, '51-f2-1665665032723'),
	(51, '51-f3-1665665032728'),
	(51, '51-f4-1665665032735');

-- Dumping structure for table microtek.product_review
DROP TABLE IF EXISTS `product_review`;
CREATE TABLE IF NOT EXISTS `product_review` (
  `product_id` int(11) NOT NULL,
  `customer_id` int(11) NOT NULL,
  `rating` int(11) DEFAULT NULL,
  `content` mediumtext,
  `datetimestamp` datetime DEFAULT NULL,
  PRIMARY KEY (`product_id`,`customer_id`),
  KEY `fk_product_has_customer_customer1_idx` (`customer_id`),
  KEY `fk_product_has_customer_product1_idx` (`product_id`),
  CONSTRAINT `fk_product_has_customer_customer1` FOREIGN KEY (`customer_id`) REFERENCES `customer` (`id`) ON DELETE NO ACTION ON UPDATE NO ACTION,
  CONSTRAINT `fk_product_has_customer_product1` FOREIGN KEY (`product_id`) REFERENCES `product` (`id`) ON DELETE NO ACTION ON UPDATE NO ACTION
) ENGINE=InnoDB DEFAULT CHARSET=utf8;

-- Dumping data for table microtek.product_review: ~19 rows (approximately)
REPLACE INTO `product_review` (`product_id`, `customer_id`, `rating`, `content`, `datetimestamp`) VALUES
	(1, 5, 4, 'Good build quality.\nGreat value for money.', '2020-06-11 22:26:51'),
	(3, 4, 5, 'This card can handle any game you throw at it. Excellent Value for money.', '2020-06-26 15:02:58'),
	(3, 5, 4, 'Excellent Graphics Card. Good value for money.', '2020-06-08 21:53:33'),
	(3, 7, 1, 'Not the best but definitely the best budget RTX card.', '2020-06-08 21:53:34'),
	(3, 8, 4, 'Decent Graphic card for the money.', '2020-07-28 16:36:11'),
	(7, 4, 4, 'Nice motherboard for gaming purposes.', '2020-07-16 22:30:57'),
	(15, 4, 4, 'Good monitor with vibrant colours.\nGood value for money.', '2020-06-11 02:09:03'),
	(15, 5, 3, 'Good build quality.\nAverage Colour Output.', '2020-06-11 22:26:18'),
	(16, 4, 5, 'One sturdy motherboard.\nDefinitely worth its price.', '2020-06-11 18:24:13'),
	(17, 5, 3, 'Good build quality.\nAverage performance.', '2020-06-11 22:24:33'),
	(18, 4, 4, 'One of the best NvMe SSDs for Intel platform.\nDefinitely worth it.', '2020-06-11 01:56:23'),
	(21, 4, 4, 'Although, this graphic card doesn\'t have the best bang for the buck, when it comes to 4K gaming, there\'s no other card that performs well like this one.', '2020-07-27 18:41:42'),
	(23, 4, 4, 'One of the best AMD graphic cards.', '2020-07-27 18:39:13'),
	(33, 4, 4, 'Good value for money. Strong ', '2020-07-27 18:42:19'),
	(34, 4, 5, 'Still the best for gaming Compared to AMD.', '2020-07-27 18:38:17'),
	(41, 4, 4, 'Good Product', '2021-03-18 10:51:31'),
	(42, 4, 4, 'Nice Mouse. Good Grip.', '2021-03-14 21:40:33'),
	(46, 4, 3, 'Not bad, but could be better.', '2021-03-04 23:54:32'),
	(48, 4, 4, 'Good Speed and Endurance.', '2022-10-14 11:16:35');

-- Dumping structure for table microtek.province
DROP TABLE IF EXISTS `province`;
CREATE TABLE IF NOT EXISTS `province` (
  `id` int(11) NOT NULL AUTO_INCREMENT,
  `name` varchar(45) NOT NULL,
  PRIMARY KEY (`id`)
) ENGINE=InnoDB AUTO_INCREMENT=10 DEFAULT CHARSET=utf8;

-- Dumping data for table microtek.province: ~9 rows (approximately)
REPLACE INTO `province` (`id`, `name`) VALUES
	(1, 'Western'),
	(2, 'Central'),
	(3, 'Southern'),
	(4, 'North Western'),
	(5, 'Sabaragamuwa'),
	(6, 'Eastern'),
	(7, 'Uva'),
	(8, 'North Central'),
	(9, 'Northern');

-- Dumping structure for table microtek.shipping_address
DROP TABLE IF EXISTS `shipping_address`;
CREATE TABLE IF NOT EXISTS `shipping_address` (
  `id` int(11) NOT NULL AUTO_INCREMENT,
  `name` text,
  `province_id` int(11) NOT NULL,
  `district_id` int(11) NOT NULL,
  `city_id` int(11) NOT NULL,
  PRIMARY KEY (`id`),
  KEY `fk_shipping_address_province1_idx` (`province_id`),
  KEY `fk_shipping_address_district1_idx` (`district_id`),
  KEY `fk_shipping_address_city1_idx` (`city_id`),
  CONSTRAINT `fk_shipping_address_city1` FOREIGN KEY (`city_id`) REFERENCES `city` (`id`) ON DELETE NO ACTION ON UPDATE NO ACTION,
  CONSTRAINT `fk_shipping_address_district1` FOREIGN KEY (`district_id`) REFERENCES `district` (`id`) ON DELETE NO ACTION ON UPDATE NO ACTION,
  CONSTRAINT `fk_shipping_address_province1` FOREIGN KEY (`province_id`) REFERENCES `province` (`id`) ON DELETE NO ACTION ON UPDATE NO ACTION
) ENGINE=InnoDB AUTO_INCREMENT=28 DEFAULT CHARSET=utf8;

-- Dumping data for table microtek.shipping_address: ~20 rows (approximately)
REPLACE INTO `shipping_address` (`id`, `name`, `province_id`, `district_id`, `city_id`) VALUES
	(3, 'No 90, "Siripathi", Rambukkana', 1, 10, 660),
	(4, 'No 21/A, Boralugoda Rd', 1, 5, 367),
	(5, 'No 80, "Mudhitha"', 1, 10, 660),
	(6, 'No 22/A, Reed Avenue', 1, 5, 1841),
	(7, 'No 25/A, Silva Street', 2, 11, 801),
	(8, 'No 53, "Thusitha"', 8, 2, 88),
	(9, 'No 33, KD Rd', 9, 13, 1028),
	(11, 'No 23/B, "Sirikotha"', 7, 3, 281),
	(12, 'Room No 5, Apt 25, No 22', 3, 6, 389),
	(14, 'No 53, Serukana Rd', 1, 5, 367),
	(15, 'Royal College Union, Reed Avenue', 1, 5, 1841),
	(19, 'No 22/A, Samagi Avenue', 1, 10, 660),
	(20, 'Java Institute', 1, 5, 1840),
	(21, 'No 52', 1, 10, 655),
	(22, 'No 90, "Siripathi", Ramukkana', 1, 10, 660),
	(23, 'No 52/A', 1, 7, 482),
	(24, 'No 32/B', 3, 8, 591),
	(25, 'No 52/2', 2, 11, 800),
	(26, 'No 52/A', 1, 10, 660),
	(27, 'No 68/A', 1, 7, 479);

-- Dumping structure for table microtek.spec
DROP TABLE IF EXISTS `spec`;
CREATE TABLE IF NOT EXISTS `spec` (
  `id` int(11) NOT NULL AUTO_INCREMENT,
  `category_id` int(11) NOT NULL,
  `spec_name` text,
  `unit` text,
  `is_key` tinyint(4) DEFAULT NULL,
  PRIMARY KEY (`id`),
  KEY `fk_spec_category1_idx` (`category_id`),
  CONSTRAINT `fk_spec_category1` FOREIGN KEY (`category_id`) REFERENCES `category` (`id`) ON DELETE NO ACTION ON UPDATE NO ACTION
) ENGINE=InnoDB AUTO_INCREMENT=208 DEFAULT CHARSET=utf8;

-- Dumping data for table microtek.spec: ~184 rows (approximately)
REPLACE INTO `spec` (`id`, `category_id`, `spec_name`, `unit`, `is_key`) VALUES
	(1, 1, 'GPU Manufacturer', NULL, 1),
	(2, 1, 'Overclocked', NULL, 1),
	(3, 2, 'Processor Type', NULL, 1),
	(4, 2, 'Unlocked Multiplier', NULL, 1),
	(5, 2, 'CPU Core', NULL, 1),
	(6, 2, 'Operating Frequency', 'GHz', 1),
	(7, 2, 'Turbo Speed', 'GHz', 1),
	(8, 2, 'Cores', NULL, 1),
	(9, 2, 'Number of Threads', NULL, 1),
	(10, 2, 'Socket Type', NULL, 0),
	(11, 2, 'VR Ready', NULL, 1),
	(12, 2, 'Level 2 Cache', 'MB', 0),
	(13, 2, 'Level 3 Cache', 'MB', 0),
	(14, 2, 'Thermal Design Power', 'W', 1),
	(15, 2, 'Processor Architecture', 'nm', 1),
	(16, 2, 'Graphics Core', NULL, 0),
	(17, 2, 'Supported Memory Type', NULL, 0),
	(19, 1, 'Core Clock Speed', 'MHz', 1),
	(20, 1, 'Boost Clock Speed', 'MHz', 1),
	(21, 1, 'Maximum Digital Resolution', 'Pixels', 1),
	(22, 1, 'Video Memory', 'GB', 1),
	(23, 1, 'Memory Type', NULL, 1),
	(24, 1, 'Memory Bus', NULL, 1),
	(25, 1, 'Color', NULL, 0),
	(26, 1, 'OpenGL Support', NULL, 0),
	(27, 1, 'DirectX Support', NULL, 0),
	(28, 1, 'PCB Color', NULL, 0),
	(29, 1, 'Memory Bandwidth', 'GB/s', 1),
	(30, 1, 'Multi-GPU Support', NULL, 1),
	(31, 1, 'Max Monitors Supported', NULL, 0),
	(32, 1, 'HDCP Support', NULL, 0),
	(33, 1, '3D Ready', NULL, 0),
	(34, 1, 'Cooling Method', NULL, 0),
	(35, 1, 'HDMI Ports', NULL, 0),
	(36, 1, 'Display Ports', NULL, 0),
	(37, 1, 'Slot Width', NULL, 1),
	(38, 1, 'Slot Interface', NULL, 0),
	(39, 1, 'Power Connector', NULL, 0),
	(41, 10, 'Keyboard Design', NULL, 1),
	(42, 15, 'Enclosure Interface', NULL, 1),
	(43, 15, 'Supported Drive Interface', NULL, 1),
	(44, 15, 'Supported Drive Type', NULL, 1),
	(45, 15, 'Number Of Drives Supported', NULL, 1),
	(46, 15, 'Maximum Total Capacity Supported', NULL, 1),
	(47, 15, 'Data Transfer Rate', 'GB/s', 1),
	(48, 15, 'Enclosure Color', NULL, 1),
	(50, 13, 'Sound Mode', NULL, 1),
	(51, 13, 'Signal To Noise Ratio', 'dB', 1),
	(52, 13, 'Digital To Analog Sampling Rate', 'Hz', 1),
	(53, 13, 'Analog To Digital Sampling Rate', 'Hz', 1),
	(54, 13, 'Interface', NULL, 0),
	(55, 3, 'Form Factor', NULL, 1),
	(56, 3, 'BIOS', NULL, 1),
	(57, 3, 'CPU Socket Type', NULL, 1),
	(58, 3, 'CPU Support', NULL, 1),
	(59, 3, 'Max Memory Supported', 'GB', 1),
	(60, 3, 'Max Memory Per Slot', 'GB', 1),
	(61, 3, 'Memory Type', NULL, 1),
	(62, 3, 'Memory Channels', NULL, 1),
	(63, 3, 'Memory Slots', NULL, 1),
	(64, 3, 'North Bridge', NULL, 1),
	(65, 3, 'Onboard Graphic Chipset', NULL, 0),
	(66, 3, 'Multi-GPU Support', NULL, 0),
	(67, 3, 'M.2 Ports', NULL, 0),
	(68, 3, 'RAID Support', NULL, 0),
	(69, 3, 'Audio Chipset', NULL, 0),
	(70, 3, 'Audio Channels', NULL, 0),
	(71, 3, 'WiFi Support', NULL, 0),
	(72, 3, 'LAN Chipset', NULL, 0),
	(73, 3, 'LAN Speed', 'Mbps', 0),
	(74, 3, 'Wireless LAN Chipset', NULL, 0),
	(75, 3, 'PCI Express 4.0 X16', NULL, 0),
	(76, 3, 'PCI Express 3.0 X16', NULL, 0),
	(77, 3, 'Video Connectors', NULL, 0),
	(78, 3, 'Power Connectors', NULL, 0),
	(94, 2, 'Max Memory Channels', NULL, 0),
	(95, 2, 'PCI Express Revision', NULL, 0),
	(100, 7, 'Color', NULL, 1),
	(101, 7, 'Panel Type', NULL, 1),
	(102, 7, 'Refresh Rate', 'Hz', 1),
	(103, 7, 'Response Time', 'ms', 1),
	(104, 7, 'Maximum Resolution', NULL, 1),
	(105, 7, 'Adaptive Sync Technology', NULL, 1),
	(106, 7, 'Viewing Angles', NULL, 0),
	(107, 7, 'Bit Depth', NULL, 0),
	(108, 7, 'Color Gamut', NULL, 1),
	(109, 7, 'Color Output', NULL, 1),
	(110, 7, 'Screen Coating', NULL, 0),
	(111, 7, 'Screen Size', 'Inches', 1),
	(112, 7, 'In Plane Switching (IPS) Support', NULL, 0),
	(113, 7, 'Aspect Ratio', NULL, 0),
	(114, 7, 'Pixel Pitch', NULL, 0),
	(115, 7, 'Brightness', 'cd/m<sup>2</sup>', 1),
	(116, 7, 'Native Contrast Ratio', NULL, 0),
	(117, 7, 'Built-in Speakers', NULL, 1),
	(118, 7, 'Voltage Required', NULL, 0),
	(119, 7, 'Power Consumption', 'W', 0),
	(120, 7, 'Weight', 'kg', 1),
	(121, 3, 'ATX Connector', NULL, 0),
	(123, 5, 'Capacity', NULL, 1),
	(124, 5, 'Endurance', 'TBW', 1),
	(125, 5, 'Max Read Speed', 'MBps', 1),
	(126, 5, 'Max Write Speed', 'MBps', 1),
	(127, 5, 'Random Read 4K', 'IOPS', 1),
	(128, 5, 'Random Write 4K', 'IOPS', 1),
	(129, 5, 'Interface', NULL, 1),
	(130, 5, 'Controller Type', NULL, 1),
	(131, 5, 'Form Factor', NULL, 1),
	(132, 5, 'Architecture', NULL, 1),
	(133, 5, 'Operating Temperature', '<sup>o</sup>C', 1),
	(134, 5, 'Weight', 'g', 0),
	(135, 4, 'Memory Type', NULL, 1),
	(136, 4, 'Pin Configuration', NULL, 1),
	(137, 4, 'Memory Speed', 'MHz', 1),
	(138, 4, 'Memory Capacity', 'GB', 1),
	(139, 4, 'Memory Channels', NULL, 1),
	(140, 4, 'Number Of Modules', NULL, 1),
	(141, 4, 'Voltage', 'V', 1),
	(142, 4, 'ECC', NULL, 1),
	(143, 4, 'Memory Heatsink', NULL, 1),
	(144, 1, 'Recommended Power Supply', 'W', 1),
	(145, 14, 'Drive Type', NULL, 1),
	(146, 14, 'Color', NULL, 1),
	(147, 14, 'Interface', NULL, 1),
	(148, 14, 'Media Load Type', NULL, 1),
	(149, 14, 'Max Blu-Ray Write Speed', 'x', 1),
	(150, 14, 'Max DVD Write Speed', 'x', 1),
	(151, 14, 'Max CD Write Speed', 'x', 1),
	(152, 14, 'BD Access Time', 'ms', 1),
	(153, 14, 'DVD Access Time', 'ms', 1),
	(154, 14, 'CD Access Time', 'ms', 1),
	(155, 14, 'Weight', 'g', 1),
	(156, 6, 'Type', NULL, 1),
	(157, 6, 'Capacity', NULL, 1),
	(158, 6, 'Form Factor', NULL, 1),
	(159, 6, 'Interface', NULL, 1),
	(160, 6, 'Cache', 'MB', 1),
	(161, 6, 'RPM', 'RPM', 1),
	(162, 6, 'Average Latency', 'ms', 1),
	(163, 6, 'Interface Transfer Rate', 'MB/s', 1),
	(164, 6, 'Operating Temperature', '<sup>o</sup>C', 0),
	(165, 6, 'Non-Operating Temperature', '<sup>o</sup> C', 0),
	(166, 6, 'Weight', 'g', 1),
	(167, 8, 'Case Type', NULL, 1),
	(168, 8, 'Color', NULL, 1),
	(169, 8, 'Material', NULL, 1),
	(170, 8, 'Bezel Material', NULL, 1),
	(171, 8, 'Motherboard Support', NULL, 1),
	(172, 8, 'RGB Lighting', NULL, 1),
	(173, 8, 'Internal 3.5" Drive Bays', NULL, 1),
	(174, 8, 'Internal 2.5" Drive Bays', NULL, 1),
	(175, 8, 'Expansion Slots', NULL, 1),
	(176, 8, 'Liquid Cooling Ready', NULL, 1),
	(177, 10, 'Connectivity', NULL, 1),
	(178, 10, 'Interface', NULL, 1),
	(179, 10, 'Back Light', NULL, 1),
	(180, 10, 'Number Of Keys', NULL, 1),
	(181, 10, 'Function Keys', NULL, 1),
	(182, 10, 'Color', NULL, 1),
	(183, 11, 'Connectivity', NULL, 1),
	(184, 11, 'Interface', NULL, 1),
	(185, 11, 'Grip Style', NULL, 1),
	(186, 11, 'Movement Resolution', 'DPI', 1),
	(187, 11, 'Mouse Orientation', NULL, 1),
	(188, 11, 'Color', NULL, 1),
	(189, 11, 'Backlight', NULL, 1),
	(190, 11, 'Sensor', NULL, 1),
	(191, 11, 'CPI Range', NULL, 1),
	(192, 11, 'Mouse Buttons', NULL, 1),
	(193, 11, 'Tracking', NULL, 1),
	(194, 12, 'Wattage', 'W', 1),
	(195, 12, 'Rating', NULL, 1),
	(196, 12, 'Form Factor', NULL, 1),
	(197, 12, 'Material', NULL, 1),
	(198, 12, 'Color', NULL, 1),
	(199, 12, 'Wiring Type', NULL, 1),
	(200, 12, 'Modularity', NULL, 1),
	(201, 12, 'Molex Connectors', NULL, 0),
	(202, 12, 'SATA Connectors', NULL, 0),
	(203, 12, 'Floppy Connectors', NULL, 0),
	(204, 12, 'Energy Efficiency', '%', 1),
	(205, 12, 'Input Voltage', NULL, 1),
	(206, 12, 'Input Frequency Range', NULL, 1),
	(207, 12, 'Input Current', NULL, 1);

-- Dumping structure for table microtek.stock
DROP TABLE IF EXISTS `stock`;
CREATE TABLE IF NOT EXISTS `stock` (
  `id` int(11) NOT NULL AUTO_INCREMENT,
  `product_id` int(11) NOT NULL,
  `buying_price` double DEFAULT NULL,
  `selling_price` double DEFAULT NULL,
  `qty` int(11) DEFAULT NULL,
  `discount` double DEFAULT NULL,
  `warranty` text,
  `created_on` datetime DEFAULT NULL,
  `active` tinyint(4) DEFAULT '1',
  PRIMARY KEY (`id`),
  KEY `fk_stock_product1_idx` (`product_id`),
  CONSTRAINT `fk_stock_product1` FOREIGN KEY (`product_id`) REFERENCES `product` (`id`) ON DELETE NO ACTION ON UPDATE NO ACTION
) ENGINE=InnoDB AUTO_INCREMENT=59 DEFAULT CHARSET=utf8;

-- Dumping data for table microtek.stock: ~40 rows (approximately)
REPLACE INTO `stock` (`id`, `product_id`, `buying_price`, `selling_price`, `qty`, `discount`, `warranty`, `created_on`, `active`) VALUES
	(1, 1, 64000, 75000, 30, 14, '3 Years', '2020-05-12 17:01:21', 1),
	(3, 3, 81600, 102000, 22, 18, '3 Years Limited', '2020-05-12 20:00:47', 1),
	(4, 4, 25000, 31000, 20, 0, '3 Years', '2020-05-14 17:33:09', 1),
	(7, 7, 10800, 13500, 19, 10, '3 Years', '2020-05-12 17:23:19', 1),
	(17, 15, 49600, 62000, 48, 8, '3 Years', '2020-05-13 13:46:43', 1),
	(18, 16, 14800, 18500, 20, 0, '3 Years', '2020-05-19 14:05:31', 1),
	(21, 17, 16800, 21000, 13, 0, '3 Years', '2020-05-17 19:50:11', 1),
	(22, 18, 42000, 52000, 32, 8, '5 Years Limited', '2020-06-05 00:57:38', 1),
	(23, 19, 72000, 88980, 29, 0, '3 Years', '2020-06-14 21:56:45', 1),
	(26, 20, 12000, 15000, 20, 2, 'Lifetime Limited', '2020-06-22 12:16:04', 1),
	(28, 21, 200000, 238000, 11, 0, '3 Years', '2020-06-26 22:01:58', 1),
	(29, 22, 28000, 35000, 17, 0, '3 Years Limited', '2020-06-26 22:12:39', 1),
	(30, 23, 66500, 85000, 17, 0, '3 Years', '2020-06-26 22:21:21', 1),
	(31, 24, 50840, 61000, 32, 0, '3 Years', '2020-07-17 15:34:46', 1),
	(32, 25, 11670, 14000, 30, 0, '1 Year', '2020-07-17 18:03:42', 1),
	(33, 26, 20000, 24000, 14, 0, '1 Year', '2020-07-17 18:18:29', 1),
	(34, 27, 4000, 5000, 13, 0, '1 Year', '2020-07-17 18:27:55', 1),
	(35, 28, 12000, 15000, 30, 2, 'Lifetime Limited', '2020-07-17 18:40:48', 1),
	(36, 29, 25000, 30000, 13, 0, 'Lifetime Limited', '2020-07-17 18:50:42', 1),
	(37, 30, 16500, 20000, 19, 0, '2 Year Limited', '2020-07-17 19:13:31', 1),
	(38, 31, 32500, 20000, 19, 0, '2 Year Limited', '2020-07-17 19:21:38', 1),
	(39, 32, 78300, 94000, 20, 0, '2 Year Limited', '2020-07-17 19:39:51', 1),
	(40, 33, 26600, 32000, 14, 0, '2 Year Limited', '2020-07-17 19:47:50', 1),
	(41, 34, 100000, 120000, 31, 0, '3 Years', '2020-07-18 16:52:44', 1),
	(42, 35, 31000, 38000, 31, 0, '2 Years', '2020-07-24 21:44:58', 1),
	(43, 36, 40000, 50000, 43, 0, '2 Years', '2020-07-24 21:49:57', 1),
	(44, 37, 4000, 5000, 31, 0, '3 Years', '2020-07-24 21:52:36', 1),
	(45, 38, 4300, 5200, 21, 0, '3 Years', '2020-07-24 22:01:27', 1),
	(46, 39, 6700, 8000, 64, 0, '2 Years', '2020-07-24 22:20:04', 1),
	(47, 40, 9800, 12700, 52, 0, '2 Years', '2020-07-24 22:24:14', 1),
	(48, 41, 10200, 12700, 25, 0, '2 Years', '2020-07-24 22:28:19', 1),
	(49, 42, 8400, 10200, 11, 0, '2 Years Limited', '2020-07-24 22:31:39', 1),
	(50, 43, 26000, 32000, 42, 0, '10 Year', '2020-07-25 00:12:22', 1),
	(51, 44, 10000, 14000, 16, 0, '3 Years', '2020-07-25 00:17:08', 1),
	(52, 45, 18000, 24000, 34, 0, '5 Year Limited', '2020-07-25 00:21:44', 1),
	(53, 46, 26000, 32000, 18, 0, '1 Year Limited', '2020-07-25 00:39:26', 1),
	(54, 47, 28000, 36000, 17, 0, '1 Year Limited', '2020-07-25 00:42:58', 1),
	(55, 48, 63000, 75500, 28, 0, '5 Year Limited', '2020-07-28 17:00:33', 1),
	(56, 49, 58000, 80000, 42, 0, '5 Year Limited', '2020-07-28 17:06:07', 1),
	(58, 51, 50000, 60000, 45, 0, '3 years', '2021-03-18 11:02:16', 1);

-- Dumping structure for table microtek.user
DROP TABLE IF EXISTS `user`;
CREATE TABLE IF NOT EXISTS `user` (
  `id` int(11) NOT NULL AUTO_INCREMENT,
  `user_type_id` int(11) NOT NULL,
  `username` text,
  `password` text,
  `active` tinyint(4) DEFAULT '1',
  `fcm_token` text,
  PRIMARY KEY (`id`),
  KEY `fk_user_user_type1_idx` (`user_type_id`),
  CONSTRAINT `fk_user_user_type1` FOREIGN KEY (`user_type_id`) REFERENCES `user_type` (`id`) ON DELETE NO ACTION ON UPDATE NO ACTION
) ENGINE=InnoDB AUTO_INCREMENT=7 DEFAULT CHARSET=utf8;

-- Dumping data for table microtek.user: ~5 rows (approximately)
REPLACE INTO `user` (`id`, `user_type_id`, `username`, `password`, `active`, `fcm_token`) VALUES
	(1, 1, 'lakshannv', '123', 1, 'f2TI7vNNTvinNOzXAN8Gs4:APA91bFJ7AGf8TYfzdYPDn2IMlJ6GMXfZplziosUQVWGoiXX8DWHFYw-cDNsP4uzFASBMKngo9RweoAcbS1R246g6I-CnIM8jYvmWbXlA4JJglAGjQ91RJ-xtwFHM97npTMwXcYAFaQ7'),
	(2, 4, 'kalana', '123', 1, 'fsi4fgVTTaKMnMT1ZAEVrX:APA91bHyYy-fG09eTC9exjK-o1dRKQmmUOSOye4XucjFrX2pIn7DkemVYmrgFVLdMAoqi75luNQgQN4cYxTk5pet1yLG5jYr0_efmbGbR2AbMAtRn9cKUw64VCOe3TPhKfY17AOGXQql'),
	(3, 3, 'sahan', '123', 1, 'fsi4fgVTTaKMnMT1ZAEVrX:APA91bHyYy-fG09eTC9exjK-o1dRKQmmUOSOye4XucjFrX2pIn7DkemVYmrgFVLdMAoqi75luNQgQN4cYxTk5pet1yLG5jYr0_efmbGbR2AbMAtRn9cKUw64VCOe3TPhKfY17AOGXQql'),
	(5, 2, 'chamal', '123', 1, 'fgtfU6t4TdWIm9vpzJi_tl:APA91bGuf4ySQD7Zy0scEJrplUpkIrYDzkjOJ1m-Mb41Zq-T-U5eBeFH8Lc2BqXqH2QfhKG-uoiMoL-Zcl3pF7JSwNMLRcHTCyadIetqvOn99laKUe8usR9ntpbjqpzkU64KXB-4Ad3z'),
	(6, 7, 'pawani', '123', 1, 'dri5c7L5S6u05N5nVJiRzT:APA91bEkhKzQB8sFx0MhyIAE2OAjqH6dypxzRKbql6tbc6diyZLazYmHCHTG6FiB-JKwqIMZL_7TvZVyFylzUg5tTw2qyEQ3o-2JVhVid4w2NkwxPTGXlXRHQVeJPj2gludTpYFg1eDc');

-- Dumping structure for table microtek.user_privilege
DROP TABLE IF EXISTS `user_privilege`;
CREATE TABLE IF NOT EXISTS `user_privilege` (
  `id` int(11) NOT NULL AUTO_INCREMENT,
  `name` text,
  PRIMARY KEY (`id`)
) ENGINE=InnoDB AUTO_INCREMENT=7 DEFAULT CHARSET=utf8;

-- Dumping data for table microtek.user_privilege: ~6 rows (approximately)
REPLACE INTO `user_privilege` (`id`, `name`) VALUES
	(1, 'Dashboard'),
	(2, 'User Management'),
	(3, 'Product Management'),
	(4, 'Order Management'),
	(5, 'Delivery Management'),
	(6, 'Sales & Reports');

-- Dumping structure for table microtek.user_type
DROP TABLE IF EXISTS `user_type`;
CREATE TABLE IF NOT EXISTS `user_type` (
  `id` int(11) NOT NULL AUTO_INCREMENT,
  `name` text,
  PRIMARY KEY (`id`)
) ENGINE=InnoDB AUTO_INCREMENT=9 DEFAULT CHARSET=utf8;

-- Dumping data for table microtek.user_type: ~6 rows (approximately)
REPLACE INTO `user_type` (`id`, `name`) VALUES
	(1, 'Super Admin'),
	(2, 'Courier'),
	(3, 'Stock Manager'),
	(4, 'Admin'),
	(7, 'Supervisor'),
	(8, 'Technician');

-- Dumping structure for table microtek.user_type_has_user_privilege
DROP TABLE IF EXISTS `user_type_has_user_privilege`;
CREATE TABLE IF NOT EXISTS `user_type_has_user_privilege` (
  `user_type_id` int(11) NOT NULL,
  `user_privilege_id` int(11) NOT NULL,
  PRIMARY KEY (`user_type_id`,`user_privilege_id`),
  KEY `fk_user_type_has_user_privilege_user_privilege1_idx` (`user_privilege_id`),
  KEY `fk_user_type_has_user_privilege_user_type1_idx` (`user_type_id`),
  CONSTRAINT `fk_user_type_has_user_privilege_user_privilege1` FOREIGN KEY (`user_privilege_id`) REFERENCES `user_privilege` (`id`) ON DELETE NO ACTION ON UPDATE NO ACTION,
  CONSTRAINT `fk_user_type_has_user_privilege_user_type1` FOREIGN KEY (`user_type_id`) REFERENCES `user_type` (`id`) ON DELETE NO ACTION ON UPDATE NO ACTION
) ENGINE=InnoDB DEFAULT CHARSET=utf8;

-- Dumping data for table microtek.user_type_has_user_privilege: ~22 rows (approximately)
REPLACE INTO `user_type_has_user_privilege` (`user_type_id`, `user_privilege_id`) VALUES
	(1, 1),
	(4, 1),
	(7, 1),
	(8, 1),
	(1, 2),
	(4, 2),
	(7, 2),
	(8, 2),
	(1, 3),
	(3, 3),
	(4, 3),
	(8, 3),
	(1, 4),
	(2, 4),
	(4, 4),
	(8, 4),
	(1, 5),
	(4, 5),
	(8, 5),
	(1, 6),
	(4, 6),
	(7, 6);

-- Dumping structure for table microtek.wishlist
DROP TABLE IF EXISTS `wishlist`;
CREATE TABLE IF NOT EXISTS `wishlist` (
  `id` int(11) NOT NULL AUTO_INCREMENT,
  `customer_id` int(11) NOT NULL,
  `product_id` int(11) NOT NULL,
  PRIMARY KEY (`id`),
  KEY `fk_wishlist_customer1_idx` (`customer_id`),
  KEY `fk_wishlist_product1_idx` (`product_id`),
  CONSTRAINT `fk_wishlist_customer1` FOREIGN KEY (`customer_id`) REFERENCES `customer` (`id`) ON DELETE NO ACTION ON UPDATE NO ACTION,
  CONSTRAINT `fk_wishlist_product1` FOREIGN KEY (`product_id`) REFERENCES `product` (`id`) ON DELETE NO ACTION ON UPDATE NO ACTION
) ENGINE=InnoDB AUTO_INCREMENT=98 DEFAULT CHARSET=utf8;

-- Dumping data for table microtek.wishlist: ~5 rows (approximately)
REPLACE INTO `wishlist` (`id`, `customer_id`, `product_id`) VALUES
	(53, 5, 33),
	(54, 5, 32),
	(84, 9, 48),
	(96, 4, 51),
	(97, 4, 21);

/*!40103 SET TIME_ZONE=IFNULL(@OLD_TIME_ZONE, 'system') */;
/*!40101 SET SQL_MODE=IFNULL(@OLD_SQL_MODE, '') */;
/*!40014 SET FOREIGN_KEY_CHECKS=IFNULL(@OLD_FOREIGN_KEY_CHECKS, 1) */;
/*!40101 SET CHARACTER_SET_CLIENT=@OLD_CHARACTER_SET_CLIENT */;
/*!40111 SET SQL_NOTES=IFNULL(@OLD_SQL_NOTES, 1) */;
